問題ID,対象ID,公式名,問題,数式（LaTeX）,解答
1001-01,1001,確率（事象Aの起こる確率）,6面サイコロを1回振るとき、1が出る確率を求めてください。,P(A)=\frac{\text{有利}}{\text{全体}},\frac{1}{6}
1001-02,1001,確率（事象Aの起こる確率）,6面サイコロを1回振るとき、偶数が出る確率を求めてください。,P(A)=\frac{3}{6},\frac{1}{2}
1001-03,1001,確率（事象Aの起こる確率）,トランプ52枚からスペードを引く確率を求めてください。,P(A)=\frac{13}{52},\frac{1}{4}
1001-04,1001,確率（事象Aの起こる確率）,袋に赤3青2の玉がある。赤玉を引く確率を求めてください。,P(A)=\frac{3}{5},\frac{3}{5}
1001-05,1001,確率（事象Aの起こる確率）,2枚のコインを投げ、少なくとも1枚表の確率を求めてください。,P(A)=1-P(\text{両方裏}),\frac{3}{4}
1001-06,1001,確率（事象Aの起こる確率）,1〜10から1つ選ぶとき5以上の確率を求めてください。,P(A)=\frac{6}{10},\frac{3}{5}
1001-07,1001,確率（事象Aの起こる確率）,8人から特定の1人が選ばれる確率を求めてください。,P(A)=\frac{1}{8},\frac{1}{8}
1001-08,1001,確率（事象Aの起こる確率）,4枚のカードから1枚選ぶときAを引く確率を求めてください。,P(A)=\frac{1}{4},\frac{1}{4}
1001-09,1001,確率（事象Aの起こる確率）,5問中1問をランダム選択、正解問題を選ぶ確率を求めてください。,P(A)=\frac{1}{5},\frac{1}{5}
1001-10,1001,確率（事象Aの起こる確率）,12か月から誕生月を当てる確率を求めてください。,P(A)=\frac{1}{12},\frac{1}{12}
1002-01,1002,確率質量関数（離散）,赤2白3の玉から1個。赤を1、白を0とするとP(X=1)を求めてください。,P(X=1)=\frac{2}{2+3},\frac{2}{5}
1002-02,1002,確率質量関数（離散）,公平なコインで表を1、裏を0とするとP(X=1)を求めてください。,P(X=1)=\frac{1}{2},\frac{1}{2}
1002-03,1002,確率質量関数（離散）,公平な6面サイコロを1回振り、偶数なら X=1、奇数なら X=0 とします。P(X=1) を求めてください。,P(X=1)=\frac{3}{6},\frac{1}{2}
1002-04,1002,確率質量関数（離散）,袋に当たり1本、外れ4本。X=当たりなら1。P(X=1)を求めてください。,P(X=1)=\frac{1}{1+4},\frac{1}{5}
1002-05,1002,確率質量関数（離散）,確率変数 X は X=0 となる確率が 0.7（70%）、X=1 となる確率が 0.3（30%） です。P(X=0) を求めてください。,P(X=0)=0.7,0.7
1002-06,1002,確率質量関数（離散）,"確率変数 X は 1,2,3 の各値を等確率でとります。P(X=2) を求めてください。",P(X=2)=\frac{1}{3},\frac{1}{3}
1002-07,1002,確率質量関数（離散）,10枚のうち成功が3枚あるカードから1枚選び、成功なら X=1、失敗なら X=0 とします。P(X=1) を求めてください。,P(X=1)=\frac{3}{10},\frac{3}{10}
1002-08,1002,確率質量関数（離散）,くじ100本中1等2本。P(X=1等)を求めてください。,P(X=\text{1等})=\frac{2}{100},\frac{1}{50}
1002-09,1002,確率質量関数（離散）,公平な6面サイコロを1回振り、6の目が出たら X=1、それ以外なら X=0 とします。P(X=1) を求めてください。,P(X=1)=\frac{1}{6},\frac{1}{6}
1002-10,1002,確率質量関数（離散）,4択問題で選択肢をランダムに1つ選びます。正答する確率を求めてください。,P(X=\text{正解})=\frac{1}{4},\frac{1}{4}
1003-01,1003,確率密度関数（連続）,確率変数 X の密度関数が f(x)=1（0≤x≤1）で与えられています。確率 P(0≤X≤0.4) を求めてください。,"\int_0^{0.4}1\,dx",0.4
1003-02,1003,確率密度関数（連続）,確率変数 X の密度関数が f(x)=2x（0≤x≤1）で与えられています。確率 P(0≤X≤0.5) を求めてください。,"\int_0^{0.5}2x\,dx",\frac{1}{4}
1003-03,1003,確率密度関数（連続）,確率変数 X の密度関数が f(x)=3x^2（0≤x≤1）で与えられています。確率 P(0≤X≤0.5) を求めてください。,"\int_0^{0.5}3x^2\,dx",\frac{1}{8}
1003-04,1003,確率密度関数（連続）,確率変数 X の密度関数が f(x)=\frac{1}{2}（0≤x≤2）で与えられています。確率 P(0≤X≤1) を求めてください。,"\int_0^1 \frac{1}{2}\,dx",\frac{1}{2}
1003-05,1003,確率密度関数（連続）,確率変数 X の密度関数が f(x)=4x^3（0≤x≤1）で与えられています。確率 P(0≤X≤0.5) を求めてください。,"\int_0^{0.5}4x^3\,dx",\frac{1}{16}
1003-06,1003,確率密度関数（連続）,密度関数 f(x)=kx（0≤x≤2）が総確率1となるように、定数 k を求めてください。,\int_0^2 kx dx=1,k=\frac{1}{2}
1003-07,1003,確率密度関数（連続）,密度関数 f(x)=k（0≤x≤5）が総確率1となるように、定数 k を求めてください。,\int_0^5 kdx=1,k=\frac{1}{5}
1003-08,1003,確率密度関数（連続）,密度関数 f(x)=6x(1-x)（0≤x≤1）について、全範囲で積分した総確率を確認してください。,\int_0^1 6x(1-x)dx,1
1003-09,1003,確率密度関数（連続）,密度関数 f(x)=2（0≤x≤0.5）について、全範囲で積分した総確率を確認してください。,\int_0^{0.5}2dx,1
1003-10,1003,確率密度関数（連続）,密度関数 f(x)=\lambda e^{-\lambda x}（x≥0）について、全範囲で積分した総確率を確認してください。,\int_0^\infty \lambda e^{-\lambda x}dx,1
1004-01,1004,累積分布関数,"確率変数 X は 1, 2, 3, 4 の各値を等確率でとります。累積分布関数 F(1) を求めてください。",F(1)=P(X\le1),\frac{1}{4}
1004-02,1004,累積分布関数,"確率変数 X は 1, 2, 3, 4 の各値を等確率でとります。累積分布関数 F(2) を求めてください。",F(2)=P(X\le2)=\frac{2}{4},\frac{1}{2}
1004-03,1004,累積分布関数,"確率変数 X は 1, 2, 3, 4 の各値を等確率でとります。累積分布関数 F(3) を求めてください。",F(3)=P(X\le3)=\frac{3}{4},\frac{3}{4}
1004-04,1004,累積分布関数,"確率変数 X は 1, 2, 3, 4 の各値を等確率でとります。累積分布関数 F(4) を求めてください。",F(4)=P(X\le4)=\frac{4}{4},1
1004-05,1004,累積分布関数,公平な6面サイコロの出目を確率変数 X とします。累積分布関数 F(3)=P(X≤3) を求めてください。,F(3)=P(X\le3)=\frac{3}{6},\frac{1}{2}
1004-06,1004,累積分布関数,公平な6面サイコロの出目を確率変数 X とします。累積分布関数 F(5)=P(X≤5) を求めてください。,F(5)=P(X\le5)=\frac{5}{6},\frac{5}{6}
1004-07,1004,累積分布関数,コイン2枚でX=表枚数。F(1)=P(X≤1)を求めてください。,F(1)=P(X\le1)=\frac{3}{4},\frac{3}{4}
1004-08,1004,累積分布関数,"確率変数 X は 0, 1 の値をとり、それぞれの確率は 0.3, 0.7 です。累積分布関数 F(0) を求めてください。",F(0)=P(X\le0)=0.3,0.3
1004-09,1004,累積分布関数,"確率変数 X は 0, 1 の値をとり、それぞれの確率は 0.3, 0.7 です。累積分布関数 F(1) を求めてください。",F(1)=P(X\le1)=0.3+0.7,1
1004-10,1004,累積分布関数,"確率変数 X が一様分布 (0,1) に従います。累積分布関数 F(0.4) を求めてください。",F(x)=x,0.4
1005-01,1005,期待値,公平な6面サイコロを1回振り、出目を確率変数 X とします。期待値 E[X] を求めてください。,E[X]=\sum xP(X=x),\frac{7}{2}
1005-02,1005,期待値,公平なコインを1回投げ、表なら X=1、裏なら X=0 とします。期待値 E[X] を求めてください。,E[X]=1\cdot\frac{1}{2}+0\cdot\frac{1}{2},\frac{1}{2}
1005-03,1005,期待値,"確率変数 X は 1,2,3 の各値を等確率でとります。期待値 E[X] を求めてください。",E[X]=\frac{1+2+3}{3},2
1005-04,1005,期待値,Xが0を0.8、10を0.2。E[X]を求めてください。,E[X]=0\cdot0.8+10\cdot0.2,2
1005-05,1005,期待値,宝くじの賞金額を確率変数 X とします。100円が当たる確率が 0.1（10%）、はずれ（0円）の確率が 0.9（90%） です。期待値 E[X] を求めてください。,E[X]=100\cdot0.1+0\cdot0.9,10
1005-06,1005,期待値,確率変数 X は X=2 と X=4 をそれぞれ確率 0.5（50%） でとります。期待値 E[X] を求めてください。,E[X]=2\cdot0.5+4\cdot0.5,3
1005-07,1005,期待値,確率変数 X は次の値をとります：X=1 となる確率が 0.2（20%）、X=5 となる確率が 0.8（80%） です。期待値 E[X] を求めてください。,E[X]=1\cdot0.2+5\cdot0.8,4.2
1005-08,1005,期待値,"一様(0,1)の期待値を求めてください。",\int_0^1 xdx,\frac{1}{2}
1005-09,1005,期待値,公平な6面サイコロを1回振り、偶数なら X=2、奇数なら X=0 とします。期待値 E[X] を求めてください。,E[X]=2\cdot\frac{3}{6}+0\cdot\frac{3}{6},1
1005-10,1005,期待値,確率変数 X は常に 3 をとります。期待値 E[X] を求めてください。,E[X]=3\cdot1,3
1006-01,1006,分散,公平なコインを1回投げ、表なら X=1、裏なら X=0 とします。分散 Var(X) を求めてください。,Var(X)=E[X^2]-E[X]^2,\frac{1}{4}
1006-02,1006,分散,"確率変数 X は 1, 2, 3 の各値を等確率でとります。分散 Var(X) を求めてください。",Var(X)=E[X^2]-E[X]^2,\frac{2}{3}
1006-03,1006,分散,確率変数 X は X=0 と X=10 をそれぞれ確率 0.5（50%） でとります。分散 Var(X) を求めてください。,Var(X)=E[X^2]-E[X]^2,25
1006-04,1006,分散,確率変数 X は常に 3 をとります。分散 Var(X) を求めてください。,Var(X)=E[X^2]-E[X]^2,0
1006-05,1006,分散,公平な6面サイコロを1回振り、出目を確率変数 X とします。分散 Var(X) を求めてください。,Var(X)=E[X^2]-E[X]^2,\frac{35}{12}
1006-06,1006,分散,確率変数 X は X=0 を確率 0.7（70%）、X=1 を確率 0.3（30%） でとります。分散 Var(X) を求めてください。,Var(X)=0.7\cdot0.3,0.21
1006-07,1006,分散,確率変数 X は X=2 と X=4 をそれぞれ確率 0.5（50%） でとります。分散 Var(X) を求めてください。,Var(X)=E[X^2]-E[X]^2,1
1006-08,1006,分散,確率変数 X は X=1 を確率 0.25（25%）、X=5 を確率 0.75（75%） でとります。分散 Var(X) を求めてください。,Var(X)=E[X^2]-E[X]^2,3
1006-09,1006,分散,確率変数 X は X=0 を確率 0.99（99%）、X=100 を確率 0.01（1%） でとります。分散 Var(X) を求めてください。,Var(X)=E[X^2]-E[X]^2,99
1006-10,1006,分散,成功確率 p のベルヌーイ分布に従う確率変数 X について、分散 Var(X) を求めてください。,Var(X)=p(1-p),p(1-p)
1007-01,1007,標準偏差,ある確率変数の分散が 16 です。標準偏差を求めてください。,\sigma=\sqrt{16},4
1007-02,1007,標準偏差,ある確率変数の分散が 25 です。標準偏差を求めてください。,\sigma=\sqrt{25},5
1007-03,1007,標準偏差,ある確率変数の分散が 1/4 です。標準偏差を求めてください。,\sigma=\sqrt{\frac{1}{4}},\frac{1}{2}
1007-04,1007,標準偏差,ある確率変数の分散が 0 です。標準偏差を求めてください。,\sigma=\sqrt{0},0
1007-05,1007,標準偏差,ある確率変数の分散が 9 です。標準偏差を求めてください。,\sigma=\sqrt{9},3
1007-06,1007,標準偏差,ある確率変数の分散が 2 です。標準偏差を求めてください。,\sigma=\sqrt{2},\sqrt{2}
1007-07,1007,標準偏差,ある確率変数の分散が 49 です。標準偏差を求めてください。,\sigma=\sqrt{49},7
1007-08,1007,標準偏差,ある確率変数の分散が 100 です。標準偏差を求めてください。,\sigma=\sqrt{100},10
1007-09,1007,標準偏差,ある確率変数の分散が 0.81 です。標準偏差を求めてください。,\sigma=\sqrt{0.81},0.9
1007-10,1007,標準偏差,ある確率変数の分散が 36 です。標準偏差を求めてください。,\sigma=\sqrt{36},6
1008-01,1008,期待値の定義（離散型）,あるくじ引きは100円の当選確率が 0.2（20%）、はずれ（0円）の確率が 0.8（80%） です。賞金額の期待値を求めてください。,E[X]=\sum x_ip_i,20
1008-02,1008,期待値の定義（離散型）,あるくじ引きは50円の当選確率が 0.4（40%）、はずれ（0円）の確率が 0.6（60%） です。賞金額の期待値を求めてください。,E[X]=50\cdot0.4+0\cdot0.6,20
1008-03,1008,期待値の定義（離散型）,あるくじ引きは10円の当選確率が 0.5（50%）、20円の確率が 0.5（50%） です。賞金額の期待値を求めてください。,E[X]=10\cdot0.5+20\cdot0.5,15
1008-04,1008,期待値の定義（離散型）,"確率変数 X は 0, 1, 2 の各値をそれぞれ確率 1/3 でとります。期待値を求めてください。",E[X]=0\cdot\frac{1}{3}+1\cdot\frac{1}{3}+2\cdot\frac{1}{3},1
1008-05,1008,期待値の定義（離散型）,あるくじ引きは5円の当選確率が 0.1（10%）、はずれ（0円）の確率が 0.9（90%） です。賞金額の期待値を求めてください。,E[X]=5\cdot0.1+0\cdot0.9,0.5
1008-06,1008,期待値の定義（離散型）,確率変数 X は X=1 を確率 0.25（25%）、X=3 を確率 0.75（75%） でとります。期待値を求めてください。,E[X]=1\cdot0.25+3\cdot0.75,2.5
1008-07,1008,期待値の定義（離散型）,"確率変数 X は 2, 4, 6 の各値をそれぞれ確率 1/3 でとります。期待値を求めてください。",E[X]=2\cdot\frac{1}{3}+4\cdot\frac{1}{3}+6\cdot\frac{1}{3},4
1008-08,1008,期待値の定義（離散型）,確率変数 X は X=0 を確率 0.99（99%）、X=100 を確率 0.01（1%） でとります。期待値を求めてください。,E[X]=0\cdot0.99+100\cdot0.01,1
1008-09,1008,期待値の定義（離散型）,確率変数 X は常に 8 をとります。期待値を求めてください。,E[X]=8\cdot1,8
1008-10,1008,期待値の定義（離散型）,"確率変数 X は 1, 2, 3, 4 の各値を等確率でとります。期待値を求めてください。",E[X]=\frac{1+2+3+4}{4},2.5
1009-01,1009,期待値の定義（離散型：確率変数表記）,確率変数 X は次の値をとります：X=0 となる確率が 0.4（40%）、X=5 となる確率が 0.6（60%） です。期待値 E[X] を求めてください。,E[X]=\sum_x xP(X=x),3
1009-02,1009,期待値の定義（離散型：確率変数表記）,確率変数 X は次の値をとります：X=1 となる確率が 0.2（20%）、X=4 となる確率が 0.8（80%） です。期待値 E[X] を求めてください。,E[X]=1P(X=1)+4P(X=4),3.4
1009-03,1009,期待値の定義（離散型：確率変数表記）,確率変数 X は次の値をとります：X=2 となる確率が 0.5（50%）、X=6 となる確率が 0.5（50%） です。期待値 E[X] を求めてください。,E[X]=2P(X=2)+6P(X=6),4
1009-04,1009,期待値の定義（離散型：確率変数表記）,確率変数 X は次の値をとります：X=0 となる確率が 0.9（90%）、X=10 となる確率が 0.1（10%） です。期待値 E[X] を求めてください。,E[X]=0P(X=0)+10P(X=10),1
1009-05,1009,期待値の定義（離散型：確率変数表記）,確率変数 X は常に 3 をとります。期待値 E[X] を求めてください。,E[X]=3P(X=3),3
1009-06,1009,期待値の定義（離散型：確率変数表記）,"確率変数 X は 1, 2, 3 の各値を等確率でとります。期待値 E[X] を求めてください。",E[X]=1P(X=1)+2P(X=2)+3P(X=3),2
1009-07,1009,期待値の定義（離散型：確率変数表記）,確率変数 X は次の値をとります：X=5 となる確率が 0.3（30%）、X=15 となる確率が 0.7（70%） です。期待値 E[X] を求めてください。,E[X]=5P(X=5)+15P(X=15),12
1009-08,1009,期待値の定義（離散型：確率変数表記）,確率変数 X は X=0 を確率 0.25（25%）、X=2 を確率 0.75（75%） でとります。期待値 E[X] を求めてください。,E[X]=0P(X=0)+2P(X=2),1.5
1009-09,1009,期待値の定義（離散型：確率変数表記）,確率変数 X は X=10 を確率 0.6（60%）、X=20 を確率 0.4（40%） でとります。期待値 E[X] を求めてください。,E[X]=10P(X=10)+20P(X=20),14
1009-10,1009,期待値の定義（離散型：確率変数表記）,確率変数 X は常に 7 をとります。期待値 E[X] を求めてください。,E[X]=7P(X=7),7
1010-01,1010,期待値の定義（連続型）,"確率変数 X が一様分布 (0,1) に従います。期待値 E[X] を求めてください。",E[X]=\int_0^1 xdx,\frac{1}{2}
1010-02,1010,期待値の定義（連続型）,"確率変数 X が一様分布 (0,2) に従います。期待値 E[X] を求めてください。",E[X]=\int_0^2 x\frac{1}{2} dx,1
1010-03,1010,期待値の定義（連続型）,確率変数 X の密度関数が f(x)=2x（0≤x≤1）で与えられています。期待値 E[X] を求めてください。,\int_0^1 x(2x)dx,\frac{2}{3}
1010-04,1010,期待値の定義（連続型）,確率変数 X の密度関数が f(x)=3x^2（0≤x≤1）で与えられています。期待値 E[X] を求めてください。,\int_0^1 x(3x^2)dx,\frac{3}{4}
1010-05,1010,期待値の定義（連続型）,"確率変数 X が一様分布 (2,4) に従います。期待値 E[X] を求めてください。",\frac{2+4}{2},3
1010-06,1010,期待値の定義（連続型）,確率変数 X がパラメータ \lambda の指数分布に従います。期待値 E[X] を求めてください。,\int_0^\infty x\lambda e^{-\lambda x}dx,\frac{1}{\lambda}
1010-07,1010,期待値の定義（連続型）,確率変数 X の密度関数が f(x)=4x^3（0≤x≤1）で与えられています。期待値 E[X] を求めてください。,\int_0^1 4x^4dx,\frac{4}{5}
1010-08,1010,期待値の定義（連続型）,"確率変数 X が一様分布 (-1,1) に従います。期待値 E[X] を求めてください。","E[X]=\int_{-1}^{1}x\frac{1}{2}\,dx",0
1010-09,1010,期待値の定義（連続型）,確率変数 X の密度関数が f(x)=2（0≤x≤0.5）で与えられています。期待値 E[X] を求めてください。,\int_0^{0.5}2x dx,\frac{1}{4}
1010-10,1010,期待値の定義（連続型）,"確率変数 X が一様分布 (0,a) に従います。期待値 E[X] を求めてください。","E[X]=\int_0^a x\frac{1}{a}\,dx",\frac{a}{2}
1011-01,1011,二乗の期待値,確率変数 X は次の値をとります：X=0 となる確率が 0.5（50%）、X=2 となる確率が 0.5（50%） です。二乗の期待値 E[X^2] を求めてください。,E[X^2]=0^2\cdot0.5+2^2\cdot0.5,2
1011-02,1011,二乗の期待値,"確率変数 X は 1, 2, 3 の各値を等確率でとります。二乗の期待値 E[X^2] を求めてください。",E[X^2]=\frac{1^2+2^2+3^2}{3},\frac{14}{3}
1011-03,1011,二乗の期待値,確率変数 X は次の値をとります：X=0 となる確率が 0.2（20%）、X=5 となる確率が 0.8（80%） です。二乗の期待値 E[X^2] を求めてください。,E[X^2]=0^2\cdot0.2+5^2\cdot0.8,20
1011-04,1011,二乗の期待値,確率変数 X は X=-1 と X=1 をそれぞれ確率 0.5（50%） でとります。二乗の期待値 E[X^2] を求めてください。,E[X^2]=(-1)^2\cdot0.5+1^2\cdot0.5,1
1011-05,1011,二乗の期待値,確率変数 X は X=2 と X=4 をそれぞれ確率 0.5（50%） でとります。二乗の期待値 E[X^2] を求めてください。,E[X^2]=2^2\cdot0.5+4^2\cdot0.5,10
1011-06,1011,二乗の期待値,確率変数 X は次の値をとります：X=1 となる確率が 0.3（30%）、X=3 となる確率が 0.7（70%） です。二乗の期待値 E[X^2] を求めてください。,E[X^2]=1^2\cdot0.3+3^2\cdot0.7,6.6
1011-07,1011,二乗の期待値,"確率変数 X は 0, 1, 2 の各値を等確率でとります。二乗の期待値 E[X^2] を求めてください。",E[X^2]=\frac{0^2+1^2+2^2}{3},\frac{5}{3}
1011-08,1011,二乗の期待値,確率変数 X は次の値をとります：X=10 となる確率が 0.1（10%）、X=0 となる確率が 0.9（90%） です。二乗の期待値 E[X^2] を求めてください。,E[X^2]=10^2\cdot0.1+0^2\cdot0.9,10
1011-09,1011,二乗の期待値,確率変数 X は常に 3 をとります。二乗の期待値 E[X^2] を求めてください。,E[X^2]=3^2\cdot1,9
1011-10,1011,二乗の期待値,確率変数 X は次の値をとります：X=1 となる確率が 0.25（25%）、X=5 となる確率が 0.75（75%） です。二乗の期待値 E[X^2] を求めてください。,E[X^2]=1^2\cdot0.25+5^2\cdot0.75,19
1012-01,1012,二乗の期待値（連続型）,"確率変数 X が一様分布 (0,1) に従います。二乗の期待値 E[X^2] を求めてください。","E[X^2]=\int_0^1 x^2\,dx",\frac{1}{3}
1012-02,1012,二乗の期待値（連続型）,"確率変数 X が一様分布 (0,2) に従います。二乗の期待値 E[X^2] を求めてください。","E[X^2]=\int_0^2 x^2\frac{1}{2}\,dx",\frac{4}{3}
1012-03,1012,二乗の期待値（連続型）,確率変数 X の密度関数が f(x)=2x（0≤x≤1）で与えられています。二乗の期待値 E[X^2] を求めてください。,"E[X^2]=\int_0^1 x^2\cdot2x\,dx",\frac{1}{2}
1012-04,1012,二乗の期待値（連続型）,確率変数 X の密度関数が f(x)=3x^2（0≤x≤1）で与えられています。二乗の期待値 E[X^2] を求めてください。,"E[X^2]=\int_0^1 x^2\cdot3x^2\,dx",\frac{3}{5}
1012-05,1012,二乗の期待値（連続型）,"確率変数 X が一様分布 (-1,1) に従います。二乗の期待値 E[X^2] を求めてください。","E[X^2]=\int_{-1}^{1}x^2\frac{1}{2}\,dx",\frac{1}{3}
1012-06,1012,二乗の期待値（連続型）,確率変数 X の密度関数が f(x)=4x^3（0≤x≤1）で与えられています。二乗の期待値 E[X^2] を求めてください。,"E[X^2]=\int_0^1 x^2\cdot4x^3\,dx",\frac{2}{3}
1012-07,1012,二乗の期待値（連続型）,"確率変数 X が一様分布 (0,3) に従います。二乗の期待値 E[X^2] を求めてください。","E[X^2]=\int_0^3 x^2\frac{1}{3}\,dx",3
1012-08,1012,二乗の期待値（連続型）,確率変数 X の密度関数が f(x)=1/2（0≤x≤2）で与えられています。二乗の期待値 E[X^2] を求めてください。,"E[X^2]=\int_0^2 x^2\frac{1}{2}\,dx",\frac{4}{3}
1012-09,1012,二乗の期待値（連続型）,確率変数 X の密度関数が f(x)=6x(1-x)（0≤x≤1）で与えられています。二乗の期待値 E[X^2] を求めてください。,"E[X^2]=\int_0^1 x^2\cdot6x(1-x)\,dx",\frac{3}{10}
1012-10,1012,二乗の期待値（連続型）,確率変数 X がパラメータ λ の指数分布に従います。二乗の期待値 E[X^2] を求めてください。,"E[X^2]=\int_0^\infty x^2\lambda e^{-\lambda x}\,dx",\frac{2}{\lambda^2}
1013-01,1013,分散の定義,平均との差が±1を各0.5でとるとき分散を求めてください。,Var(X)=E[(X-E[X])^2]=1^2\cdot0.5+1^2\cdot0.5,1
1013-02,1013,分散の定義,平均との差が0を0.5、2を0.25、-2を0.25でとるとき分散を求めてください。,Var(X)=0^2\cdot0.5+2^2\cdot0.25+(-2)^2\cdot0.25,2
1013-03,1013,分散の定義,確率変数 X は X=1 と X=3 をそれぞれ確率 0.5（50%） でとり、平均は 2 です。分散を求めてください。,Var(X)=(1-2)^2\cdot0.5+(3-2)^2\cdot0.5,1
1013-04,1013,分散の定義,確率変数 X は X=0 と X=2 をそれぞれ確率 0.5（50%） でとり、平均は 1 です。分散を求めてください。,Var(X)=(0-1)^2\cdot0.5+(2-1)^2\cdot0.5,1
1013-05,1013,分散の定義,"確率変数 X は 1, 2, 3 の各値を等確率でとり、平均は 2 です。分散を求めてください。",Var(X)=\frac{(1-2)^2+(2-2)^2+(3-2)^2}{3},\frac{2}{3}
1013-06,1013,分散の定義,確率変数 X は X=0 と X=10 をそれぞれ確率 0.5（50%） でとり、平均は 5 です。分散を求めてください。,Var(X)=(0-5)^2\cdot0.5+(10-5)^2\cdot0.5,25
1013-07,1013,分散の定義,確率変数 X は常に 3 をとり、平均は 3 です。分散を求めてください。,Var(X)=(3-3)^2,0
1013-08,1013,分散の定義,確率変数 X は X=-1 と X=1 をそれぞれ確率 0.5（50%） でとり、平均は 0 です。分散を求めてください。,Var(X)=(-1-0)^2\cdot0.5+(1-0)^2\cdot0.5,1
1013-09,1013,分散の定義,確率変数 X は X=2 と X=6 をそれぞれ確率 0.5（50%） でとり、平均は 4 です。分散を求めてください。,Var(X)=(2-4)^2\cdot0.5+(6-4)^2\cdot0.5,4
1013-10,1013,分散の定義,確率変数 X は X=1 を確率 0.25（25%）、X=5 を確率 0.75（75%） でとり、平均は 4 です。分散を求めてください。,Var(X)=(1-4)^2\cdot0.25+(5-4)^2\cdot0.75,3
1014-01,1014,分散の計算公式,"確率変数 X について E[X]=2, E[X^2]=5 です。分散 Var(X) を求めてください。",Var(X)=5-2^2,1
1014-02,1014,分散の計算公式,"確率変数 X について E[X]=3, E[X^2]=13 です。分散 Var(X) を求めてください。",Var(X)=13-3^2,4
1014-03,1014,分散の計算公式,"確率変数 X について E[X]=0, E[X^2]=7 です。分散 Var(X) を求めてください。",Var(X)=7-0^2,7
1014-04,1014,分散の計算公式,"確率変数 X について E[X]=1/2, E[X^2]=1/2 です。分散 Var(X) を求めてください。",Var(X)=\frac{1}{2}-\left(\frac{1}{2}\right)^2,\frac{1}{4}
1014-05,1014,分散の計算公式,"確率変数 X について E[X]=5, E[X^2]=30 です。分散 Var(X) を求めてください。",Var(X)=30-5^2,5
1014-06,1014,分散の計算公式,"確率変数 X について E[X]=4, E[X^2]=20 です。分散 Var(X) を求めてください。",Var(X)=20-4^2,4
1014-07,1014,分散の計算公式,"確率変数 X について E[X]=10, E[X^2]=125 です。分散 Var(X) を求めてください。",Var(X)=125-10^2,25
1014-08,1014,分散の計算公式,"確率変数 X について E[X]=1, E[X^2]=1 です。分散 Var(X) を求めてください。",Var(X)=1-1^2,0
1014-09,1014,分散の計算公式,"確率変数 X について E[X]=6, E[X^2]=45 です。分散 Var(X) を求めてください。",Var(X)=45-6^2,9
1014-10,1014,分散の計算公式,"確率変数 X について E[X]=2.5, E[X^2]=7.25 です。分散 Var(X) を求めてください。",Var(X)=7.25-2.5^2,1
1015-01,1015,標準偏差,ある確率変数の分散が 4 です。標準偏差を求めてください。,\sigma=\sqrt{4},2
1015-02,1015,標準偏差,ある確率変数の分散が 9 です。標準偏差を求めてください。,\sigma=\sqrt{9},3
1015-03,1015,標準偏差,ある確率変数の分散が 25 です。標準偏差を求めてください。,\sigma=\sqrt{25},5
1015-04,1015,標準偏差,ある確率変数の分散が 1 です。標準偏差を求めてください。,\sigma=\sqrt{1},1
1015-05,1015,標準偏差,ある確率変数の分散が 0.04 です。標準偏差を求めてください。,\sigma=\sqrt{0.04},0.2
1015-06,1015,標準偏差,ある確率変数の分散が 1/9 です。標準偏差を求めてください。,\sigma=\sqrt{\frac{1}{9}},\frac{1}{3}
1015-07,1015,標準偏差,ある確率変数の分散が 2 です。標準偏差を求めてください。,\sigma=\sqrt{2},\sqrt{2}
1015-08,1015,標準偏差,ある確率変数の分散が 8 です。標準偏差を求めてください。,\sigma=\sqrt{8},2\sqrt{2}
1015-09,1015,標準偏差,ある確率変数の分散が 0 です。標準偏差を求めてください。,\sigma=\sqrt{0},0
1015-10,1015,標準偏差,ある確率変数の分散が 49 です。標準偏差を求めてください。,\sigma=\sqrt{49},7
1016-01,1016,期待値の線形性,確率変数 X について E[X]=3 です。E[2X+1] を求めてください。,E[2X+1]=2E[X]+1,7
1016-02,1016,期待値の線形性,確率変数 X について E[X]=5 です。E[X-4] を求めてください。,E[X-4]=E[X]-4,1
1016-03,1016,期待値の線形性,確率変数 X について E[X]=2 です。E[3X] を求めてください。,E[3X]=3E[X],6
1016-04,1016,期待値の線形性,確率変数 X について E[X]=10 です。E[0.5X+2] を求めてください。,E[0.5X+2]=0.5E[X]+2,7
1016-05,1016,期待値の線形性,確率変数 X について E[X]=-1 です。E[-2X+3] を求めてください。,E[-2X+3]=-2E[X]+3,5
1016-06,1016,期待値の線形性,確率変数 X について E[X]=4 です。E[5X-1] を求めてください。,E[5X-1]=5E[X]-1,19
1016-07,1016,期待値の線形性,確率変数 X について E[X]=0 です。E[7X+8] を求めてください。,E[7X+8]=7E[X]+8,8
1016-08,1016,期待値の線形性,確率変数 X について E[X]=1/2 です。E[4X+1] を求めてください。,E[4X+1]=4E[X]+1,3
1016-09,1016,期待値の線形性,確率変数 X について E[X]=6 です。E[X/3+2] を求めてください。,E[\frac{1}{3}X+2]=\frac{1}{3}E[X]+2,4
1016-10,1016,期待値の線形性,確率変数 X について E[X]=9 です。E[2X-5] を求めてください。,E[2X-5]=2E[X]-5,13
1017-01,1017,複数変数の線形性,"確率変数 X, Y について E[X]=2, E[Y]=3 です。E[X+Y] を求めてください。",E[X+Y]=E[X]+E[Y],5
1017-02,1017,複数変数の線形性,"確率変数 X, Y について E[X]=4, E[Y]=1 です。E[2X+3Y] を求めてください。",E[2X+3Y]=2E[X]+3E[Y],11
1017-03,1017,複数変数の線形性,"確率変数 X, Y について E[X]=5, E[Y]=2 です。E[X-Y+1] を求めてください。",E[X-Y+1]=E[X]-E[Y]+1,4
1017-04,1017,複数変数の線形性,"確率変数 X, Y について E[X]=1, E[Y]=6 です。E[3X+Y] を求めてください。",E[3X+Y]=3E[X]+E[Y],9
1017-05,1017,複数変数の線形性,"確率変数 X, Y について E[X]=0, E[Y]=7 です。E[2X-Y+4] を求めてください。",E[2X-Y+4]=2E[X]-E[Y]+4,-3
1017-06,1017,複数変数の線形性,"確率変数 X, Y について E[X]=3, E[Y]=3 です。E[4X-2Y] を求めてください。",E[4X-2Y]=4E[X]-2E[Y],6
1017-07,1017,複数変数の線形性,"確率変数 X, Y について E[X]=2, E[Y]=5 です。E[X+2Y+3] を求めてください。",E[X+2Y+3]=E[X]+2E[Y]+3,15
1017-08,1017,複数変数の線形性,"確率変数 X, Y について E[X]=10, E[Y]=4 です。E[0.5X+Y] を求めてください。",E[0.5X+Y]=0.5E[X]+E[Y],9
1017-09,1017,複数変数の線形性,"確率変数 X, Y について E[X]=-1, E[Y]=2 です。E[X+Y] を求めてください。",E[X+Y]=E[X]+E[Y],1
1017-10,1017,複数変数の線形性,"確率変数 X, Y について E[X]=8, E[Y]=1 です。E[X-3Y] を求めてください。",E[X-3Y]=E[X]-3E[Y],5
1018-01,1018,加法定理,"事象 A, B について P(A)=0.4, P(B)=0.3, P(A∩B)=0.1 です。P(A∪B) を求めてください。",P(A\cup B)=0.4+0.3-0.1,0.6
1018-02,1018,加法定理,"事象 A, B について P(A)=1/2, P(B)=1/3, P(A∩B)=1/6 です。P(A∪B) を求めてください。",P(A\cup B)=\frac{1}{2}+\frac{1}{3}-\frac{1}{6},\frac{2}{3}
1018-03,1018,加法定理,"事象 A, B について P(A)=0.7, P(B)=0.2, P(A∩B)=0.1 です。P(A∪B) を求めてください。",P(A\cup B)=0.7+0.2-0.1,0.8
1018-04,1018,加法定理,"事象 A, B について P(A)=0.25, P(B)=0.5, P(A∩B)=0.15 です。P(A∪B) を求めてください。",P(A\cup B)=0.25+0.5-0.15,0.6
1018-05,1018,加法定理,"事象 A, B について P(A)=3/5, P(B)=1/2, P(A∩B)=1/5 です。P(A∪B) を求めてください。",P(A\cup B)=\frac{3}{5}+\frac{1}{2}-\frac{1}{5},\frac{9}{10}
1018-06,1018,加法定理,"事象 A, B について P(A)=0.1, P(B)=0.2, P(A∩B)=0.02 です。P(A∪B) を求めてください。",P(A\cup B)=0.1+0.2-0.02,0.28
1018-07,1018,加法定理,"事象 A, B について P(A)=0.6, P(B)=0.6, P(A∩B)=0.4 です。P(A∪B) を求めてください。",P(A\cup B)=0.6+0.6-0.4,0.8
1018-08,1018,加法定理,"事象 A, B について P(A)=2/3, P(B)=1/4, P(A∩B)=1/6 です。P(A∪B) を求めてください。",P(A\cup B)=\frac{2}{3}+\frac{1}{4}-\frac{1}{6},\frac{3}{4}
1018-09,1018,加法定理,"事象 A, B について P(A)=0.35, P(B)=0.45, P(A∩B)=0.2 です。P(A∪B) を求めてください。",P(A\cup B)=0.35+0.45-0.2,0.6
1018-10,1018,加法定理,"事象 A, B について P(A)=0.8, P(B)=0.1, P(A∩B)=0.05 です。P(A∪B) を求めてください。",P(A\cup B)=0.8+0.1-0.05,0.85
1019-01,1019,乗法定理,"事象 A, B について P(A)=0.5, P(B|A)=0.4 です。P(A∩B) を求めてください。",P(A\cap B)=P(A)P(B|A)=0.5\cdot0.4,0.2
1019-02,1019,乗法定理,"事象 A, B について P(A)=1/3, P(B|A)=1/2 です。P(A∩B) を求めてください。",P(A\cap B)=\frac{1}{3}\cdot\frac{1}{2},\frac{1}{6}
1019-03,1019,乗法定理,"事象 A, B について P(A)=0.8, P(B|A)=0.25 です。P(A∩B) を求めてください。",P(A\cap B)=0.8\cdot0.25,0.2
1019-04,1019,乗法定理,"事象 A, B について P(A)=0.6, P(B|A)=0.5 です。P(A∩B) を求めてください。",P(A\cap B)=0.6\cdot0.5,0.3
1019-05,1019,乗法定理,"事象 A, B について P(A)=2/5, P(B|A)=3/4 です。P(A∩B) を求めてください。",P(A\cap B)=\frac{2}{5}\cdot\frac{3}{4},\frac{3}{10}
1019-06,1019,乗法定理,"事象 A, B について P(A)=0.2, P(B|A)=0.9 です。P(A∩B) を求めてください。",P(A\cap B)=0.2\cdot0.9,0.18
1019-07,1019,乗法定理,"事象 A, B について P(A)=0.7, P(B|A)=0.1 です。P(A∩B) を求めてください。",P(A\cap B)=0.7\cdot0.1,0.07
1019-08,1019,乗法定理,"事象 A, B について P(A)=3/8, P(B|A)=2/3 です。P(A∩B) を求めてください。",P(A\cap B)=\frac{3}{8}\cdot\frac{2}{3},\frac{1}{4}
1019-09,1019,乗法定理,"事象 A, B について P(A)=0.4, P(B|A)=0.75 です。P(A∩B) を求めてください。",P(A\cap B)=0.4\cdot0.75,0.3
1019-10,1019,乗法定理,"事象 A, B について P(A)=0.9, P(B|A)=0.2 です。P(A∩B) を求めてください。",P(A\cap B)=0.9\cdot0.2,0.18
1020-01,1020,独立,"事象 A, B は独立で、P(A)=0.5, P(B)=0.4 です。P(A∩B) を求めてください。",P(A\cap B)=0.5\cdot0.4,0.2
1020-02,1020,独立,"事象 A, B は独立で、P(A)=1/3, P(B)=1/2 です。P(A∩B) を求めてください。",P(A\cap B)=\frac{1}{3}\cdot\frac{1}{2},\frac{1}{6}
1020-03,1020,独立,"事象 A, B は独立で、P(A)=0.8, P(B)=0.25 です。P(A∩B) を求めてください。",P(A\cap B)=0.8\cdot0.25,0.2
1020-04,1020,独立,"事象 A, B は独立で、P(A)=0.6, P(B)=0.6 です。P(A∩B) を求めてください。",P(A\cap B)=0.6\cdot0.6,0.36
1020-05,1020,独立,"事象 A, B は独立で、P(A)=2/5, P(B)=3/4 です。P(A∩B) を求めてください。",P(A\cap B)=\frac{2}{5}\cdot\frac{3}{4},\frac{3}{10}
1020-06,1020,独立,"事象 A, B は独立で、P(A)=0.2, P(B)=0.9 です。P(A∩B) を求めてください。",P(A\cap B)=0.2\cdot0.9,0.18
1020-07,1020,独立,"事象 A, B は独立で、P(A)=0.7, P(B)=0.1 です。P(A∩B) を求めてください。",P(A\cap B)=0.7\cdot0.1,0.07
1020-08,1020,独立,"事象 A, B は独立で、P(A)=3/8, P(B)=2/3 です。P(A∩B) を求めてください。",P(A\cap B)=\frac{3}{8}\cdot\frac{2}{3},\frac{1}{4}
1020-09,1020,独立,"事象 A, B は独立で、P(A)=0.4, P(B)=0.75 です。P(A∩B) を求めてください。",P(A\cap B)=0.4\cdot0.75,0.3
1020-10,1020,独立,"事象 A, B は独立で、P(A)=0.9, P(B)=0.2 です。P(A∩B) を求めてください。",P(A\cap B)=0.9\cdot0.2,0.18
1021-01,1021,条件付き確率の定義,"事象 A, B について P(A∩B)=0.2, P(B)=0.5 です。条件付き確率 P(A|B) を求めてください。",P(A|B)=0.2/0.5,0.4
1021-02,1021,条件付き確率の定義,"事象 A, B について P(A∩B)=1/6, P(B)=1/2 です。条件付き確率 P(A|B) を求めてください。",P(A|B)=\frac{1}{6}/\frac{1}{2},\frac{1}{3}
1021-03,1021,条件付き確率の定義,"事象 A, B について P(A∩B)=0.12, P(B)=0.3 です。条件付き確率 P(A|B) を求めてください。",P(A|B)=0.12/0.3,0.4
1021-04,1021,条件付き確率の定義,"事象 A, B について P(A∩B)=0.25, P(B)=0.5 です。条件付き確率 P(A|B) を求めてください。",P(A|B)=0.25/0.5,0.5
1021-05,1021,条件付き確率の定義,"事象 A, B について P(A∩B)=2/15, P(B)=2/5 です。条件付き確率 P(A|B) を求めてください。",P(A|B)=\frac{2}{15}/\frac{2}{5},\frac{1}{3}
1021-06,1021,条件付き確率の定義,"事象 A, B について P(A∩B)=0.06, P(B)=0.2 です。条件付き確率 P(A|B) を求めてください。",P(A|B)=0.06/0.2,0.3
1021-07,1021,条件付き確率の定義,"事象 A, B について P(A∩B)=0.18, P(B)=0.6 です。条件付き確率 P(A|B) を求めてください。",P(A|B)=0.18/0.6,0.3
1021-08,1021,条件付き確率の定義,"事象 A, B について P(A∩B)=3/20, P(B)=3/4 です。条件付き確率 P(A|B) を求めてください。",P(A|B)=\frac{3}{20}/\frac{3}{4},\frac{1}{5}
1021-09,1021,条件付き確率の定義,"事象 A, B について P(A∩B)=0.32, P(B)=0.8 です。条件付き確率 P(A|B) を求めてください。",P(A|B)=0.32/0.8,0.4
1021-10,1021,条件付き確率の定義,"事象 A, B について P(A∩B)=0.09, P(B)=0.3 です。条件付き確率 P(A|B) を求めてください。",P(A|B)=0.09/0.3,0.3
1022-01,1022,ベイズの定理,"事象 A, B について P(B|A)=0.8, P(A)=0.3, P(B)=0.4 です。ベイズの定理を用いて P(A|B) を求めてください。",P(A|B)=0.8\cdot0.3/0.4,0.6
1022-02,1022,ベイズの定理,"事象 A, B について P(B|A)=1/2, P(A)=1/3, P(B)=1/4 です。ベイズの定理を用いて P(A|B) を求めてください。",P(A|B)=\frac{1}{2}\cdot\frac{1}{3}/\frac{1}{4},\frac{2}{3}
1022-03,1022,ベイズの定理,"事象 A, B について P(B|A)=0.6, P(A)=0.5, P(B)=0.3 です。ベイズの定理を用いて P(A|B) を求めてください。",P(A|B)=0.6\cdot0.5/0.3,1
1022-04,1022,ベイズの定理,"事象 A, B について P(B|A)=0.2, P(A)=0.4, P(B)=0.5 です。ベイズの定理を用いて P(A|B) を求めてください。",P(A|B)=0.2\cdot0.4/0.5,0.16
1022-05,1022,ベイズの定理,"事象 A, B について P(B|A)=0.9, P(A)=0.2, P(B)=0.6 です。ベイズの定理を用いて P(A|B) を求めてください。",P(A|B)=0.9\cdot0.2/0.6,0.3
1022-06,1022,ベイズの定理,"事象 A, B について P(B|A)=3/4, P(A)=2/5, P(B)=3/10 です。ベイズの定理を用いて P(A|B) を求めてください。",P(A|B)=\frac{3}{4}\cdot\frac{2}{5}/\frac{3}{10},1
1022-07,1022,ベイズの定理,"事象 A, B について P(B|A)=0.5, P(A)=0.6, P(B)=0.75 です。ベイズの定理を用いて P(A|B) を求めてください。",P(A|B)=0.5\cdot0.6/0.75,0.4
1022-08,1022,ベイズの定理,"事象 A, B について P(B|A)=0.1, P(A)=0.8, P(B)=0.2 です。ベイズの定理を用いて P(A|B) を求めてください。",P(A|B)=0.1\cdot0.8/0.2,0.4
1022-09,1022,ベイズの定理,"事象 A, B について P(B|A)=2/3, P(A)=1/2, P(B)=1/3 です。ベイズの定理を用いて P(A|B) を求めてください。",P(A|B)=\frac{2}{3}\cdot\frac{1}{2}/\frac{1}{3},1
1022-10,1022,ベイズの定理,"事象 A, B について P(B|A)=0.7, P(A)=0.5, P(B)=0.5 です。ベイズの定理を用いて P(A|B) を求めてください。",P(A|B)=0.7\cdot0.5/0.5,0.7
1023-01,1023,全確率の法則,"標本空間が B1 と B2 に分割されており、P(A|B1)=0.2, P(B1)=0.5, P(A|B2)=0.6, P(B2)=0.5 です。全確率の法則で P(A) を求めてください。",P(A)=0.2\cdot0.5+0.6\cdot0.5,0.4
1023-02,1023,全確率の法則,"標本空間が B1 と B2 に分割されており、P(A|B1)=0.1, P(B1)=0.7, P(A|B2)=0.8, P(B2)=0.3 です。全確率の法則で P(A) を求めてください。",P(A)=0.1\cdot0.7+0.8\cdot0.3,0.31
1023-03,1023,全確率の法則,"標本空間が B1 と B2 に分割されており、P(A|B1)=1/2, P(B1)=1/4, P(A|B2)=1/3, P(B2)=3/4 です。全確率の法則で P(A) を求めてください。",P(A)=\frac{1}{2}\cdot\frac{1}{4}+\frac{1}{3}\cdot\frac{3}{4},\frac{3}{8}
1023-04,1023,全確率の法則,"標本空間が B1 と B2 に分割されており、P(A|B1)=0.4, P(B1)=0.2, P(A|B2)=0.5, P(B2)=0.8 です。全確率の法則で P(A) を求めてください。",P(A)=0.4\cdot0.2+0.5\cdot0.8,0.48
1023-05,1023,全確率の法則,"標本空間が B1 と B2 に分割されており、P(A|B1)=0.9, P(B1)=0.1, P(A|B2)=0.2, P(B2)=0.9 です。全確率の法則で P(A) を求めてください。",P(A)=0.9\cdot0.1+0.2\cdot0.9,0.27
1023-06,1023,全確率の法則,"全確率の法則で3つの区分を考えます。各区分の寄与が 0.2×0.3, 0.5×0.4, 0.8×0.3 のとき、合計を求めてください。",P(A)=0.2\cdot0.3+0.5\cdot0.4+0.8\cdot0.3,0.5
1023-07,1023,全確率の法則,"全確率の法則で3つの区分を考えます。各区分の寄与が 0.1×0.2, 0.3×0.5, 0.6×0.3 のとき、合計を求めてください。",P(A)=0.1\cdot0.2+0.3\cdot0.5+0.6\cdot0.3,0.35
1023-08,1023,全確率の法則,"標本空間が B1 と B2 に分割されており、P(A|B1)=0.25, P(B1)=0.4, P(A|B2)=0.75, P(B2)=0.6 です。全確率の法則で P(A) を求めてください。",P(A)=0.25\cdot0.4+0.75\cdot0.6,0.55
1023-09,1023,全確率の法則,"標本空間が B1 と B2 に分割されており、P(A|B1)=0.6, P(B1)=0.5, P(A|B2)=0.2, P(B2)=0.5 です。全確率の法則で P(A) を求めてください。",P(A)=0.6\cdot0.5+0.2\cdot0.5,0.4
1023-10,1023,全確率の法則,"標本空間が B1 と B2 に分割されており、P(A|B1)=0.05, P(B1)=0.8, P(A|B2)=0.5, P(B2)=0.2 です。全確率の法則で P(A) を求めてください。",P(A)=0.05\cdot0.8+0.5\cdot0.2,0.14
1024-01,1024,共分散,"確率変数 X, Y について E[XY]=10, E[X]=2, E[Y]=3 です。共分散 Cov(X,Y) を求めてください。","Cov(X,Y)=10-2\cdot3",4
1024-02,1024,共分散,"確率変数 X, Y について E[XY]=5, E[X]=1, E[Y]=4 です。共分散 Cov(X,Y) を求めてください。","Cov(X,Y)=5-1\cdot4",1
1024-03,1024,共分散,"確率変数 X, Y について E[XY]=0, E[X]=0, E[Y]=2 です。共分散 Cov(X,Y) を求めてください。","Cov(X,Y)=0-0\cdot2",0
1024-04,1024,共分散,"確率変数 X, Y について E[XY]=12, E[X]=3, E[Y]=3 です。共分散 Cov(X,Y) を求めてください。","Cov(X,Y)=12-3\cdot3",3
1024-05,1024,共分散,"確率変数 X, Y について E[XY]=7, E[X]=2, E[Y]=2 です。共分散 Cov(X,Y) を求めてください。","Cov(X,Y)=7-2\cdot2",3
1024-06,1024,共分散,"確率変数 X, Y について E[XY]=20, E[X]=4, E[Y]=5 です。共分散 Cov(X,Y) を求めてください。","Cov(X,Y)=20-4\cdot5",0
1024-07,1024,共分散,"確率変数 X, Y について E[XY]=9, E[X]=1, E[Y]=6 です。共分散 Cov(X,Y) を求めてください。","Cov(X,Y)=9-1\cdot6",3
1024-08,1024,共分散,"確率変数 X, Y について E[XY]=2, E[X]=3, E[Y]=1 です。共分散 Cov(X,Y) を求めてください。","Cov(X,Y)=2-3\cdot1",-1
1024-09,1024,共分散,"確率変数 X, Y について E[XY]=15, E[X]=2, E[Y]=5 です。共分散 Cov(X,Y) を求めてください。","Cov(X,Y)=15-2\cdot5",5
1024-10,1024,共分散,"確率変数 X, Y について E[XY]=8, E[X]=2, E[Y]=4 です。共分散 Cov(X,Y) を求めてください。","Cov(X,Y)=8-2\cdot4",0
1025-01,1025,相関係数,"確率変数 X, Y について Cov(X,Y)=6, Var(X)=9, Var(Y)=4 です。相関係数を求めてください。",\rho=\frac{6}{\sqrt{9\cdot4}},1
1025-02,1025,相関係数,"確率変数 X, Y について Cov(X,Y)=3, Var(X)=9, Var(Y)=4 です。相関係数を求めてください。",\rho=\frac{3}{\sqrt{9\cdot4}},\frac{1}{2}
1025-03,1025,相関係数,"確率変数 X, Y について Cov(X,Y)=0, Var(X)=1, Var(Y)=4 です。相関係数を求めてください。",\rho=\frac{0}{\sqrt{1\cdot4}},0
1025-04,1025,相関係数,"確率変数 X, Y について Cov(X,Y)=-2, Var(X)=4, Var(Y)=1 です。相関係数を求めてください。",\rho=\frac{-2}{\sqrt{4\cdot1}},-1
1025-05,1025,相関係数,"確率変数 X, Y について Cov(X,Y)=4, Var(X)=16, Var(Y)=4 です。相関係数を求めてください。",\rho=\frac{4}{\sqrt{16\cdot4}},\frac{1}{2}
1025-06,1025,相関係数,"確率変数 X, Y について Cov(X,Y)=1, Var(X)=1, Var(Y)=1 です。相関係数を求めてください。",\rho=\frac{1}{\sqrt{1\cdot1}},1
1025-07,1025,相関係数,"確率変数 X, Y について Cov(X,Y)=-3, Var(X)=9, Var(Y)=1 です。相関係数を求めてください。",\rho=\frac{-3}{\sqrt{9\cdot1}},-1
1025-08,1025,相関係数,"確率変数 X, Y について Cov(X,Y)=2, Var(X)=4, Var(Y)=4 です。相関係数を求めてください。",\rho=\frac{2}{\sqrt{4\cdot4}},\frac{1}{2}
1025-09,1025,相関係数,"確率変数 X, Y について Cov(X,Y)=5, Var(X)=25, Var(Y)=4 です。相関係数を求めてください。",\rho=\frac{5}{\sqrt{25\cdot4}},\frac{1}{2}
1025-10,1025,相関係数,"確率変数 X, Y について Cov(X,Y)=-1, Var(X)=1, Var(Y)=4 です。相関係数を求めてください。",\rho=\frac{-1}{\sqrt{1\cdot4}},-\frac{1}{2}
1026-01,1026,マルコフ不等式,非負の確率変数 X について E[X]=10 です。マルコフ不等式により P(X≥20) の上限を求めてください。,P(X\ge20)\le\frac{10}{20},\frac{1}{2}
1026-02,1026,マルコフ不等式,非負の確率変数 X について E[X]=5 です。マルコフ不等式により P(X≥10) の上限を求めてください。,P(X\ge10)\le\frac{5}{10},\frac{1}{2}
1026-03,1026,マルコフ不等式,非負の確率変数 X について E[X]=3 です。マルコフ不等式により P(X≥12) の上限を求めてください。,P(X\ge12)\le\frac{3}{12},\frac{1}{4}
1026-04,1026,マルコフ不等式,非負の確率変数 X について E[X]=8 です。マルコフ不等式により P(X≥16) の上限を求めてください。,P(X\ge16)\le\frac{8}{16},\frac{1}{2}
1026-05,1026,マルコフ不等式,非負の確率変数 X について E[X]=2 です。マルコフ不等式により P(X≥5) の上限を求めてください。,P(X\ge5)\le\frac{2}{5},\frac{2}{5}
1026-06,1026,マルコフ不等式,非負の確率変数 X について E[X]=1 です。マルコフ不等式により P(X≥4) の上限を求めてください。,P(X\ge4)\le\frac{1}{4},\frac{1}{4}
1026-07,1026,マルコフ不等式,非負の確率変数 X について E[X]=6 です。マルコフ不等式により P(X≥18) の上限を求めてください。,P(X\ge18)\le\frac{6}{18},\frac{1}{3}
1026-08,1026,マルコフ不等式,非負の確率変数 X について E[X]=9 です。マルコフ不等式により P(X≥30) の上限を求めてください。,P(X\ge30)\le\frac{9}{30},\frac{3}{10}
1026-09,1026,マルコフ不等式,非負の確率変数 X について E[X]=4 です。マルコフ不等式により P(X≥8) の上限を求めてください。,P(X\ge8)\le\frac{4}{8},\frac{1}{2}
1026-10,1026,マルコフ不等式,非負の確率変数 X について E[X]=7 です。マルコフ不等式により P(X≥14) の上限を求めてください。,P(X\ge14)\le\frac{7}{14},\frac{1}{2}
1027-01,1027,チェビシェフ不等式,チェビシェフ不等式で k=2 とします。P(|X-μ|≥kσ) の上限を求めてください。,P(|X-\mu|\ge2\\sigma)\le\frac{1}{2^2},\frac{1}{4}
1027-02,1027,チェビシェフ不等式,チェビシェフ不等式で k=3 とします。P(|X-μ|≥kσ) の上限を求めてください。,P(|X-\mu|\ge3\\sigma)\le\frac{1}{3^2},\frac{1}{9}
1027-03,1027,チェビシェフ不等式,チェビシェフ不等式で k=4 とします。P(|X-μ|≥kσ) の上限を求めてください。,P(|X-\mu|\ge4\\sigma)\le\frac{1}{4^2},\frac{1}{16}
1027-04,1027,チェビシェフ不等式,チェビシェフ不等式で k=5 とします。P(|X-μ|≥kσ) の上限を求めてください。,P(|X-\mu|\ge5\\sigma)\le\frac{1}{5^2},\frac{1}{25}
1027-05,1027,チェビシェフ不等式,チェビシェフ不等式で k=10 とします。P(|X-μ|≥kσ) の上限を求めてください。,P(|X-\mu|\ge10\\sigma)\le\frac{1}{10^2},\frac{1}{100}
1027-06,1027,チェビシェフ不等式,チェビシェフ不等式で k=2.5 とします。P(|X-μ|≥kσ) の上限を求めてください。,P(|X-\mu|\ge2.5\\sigma)\le\frac{1}{2.5^2},0.16
1027-07,1027,チェビシェフ不等式,チェビシェフ不等式で k=1 とします。P(|X-μ|≥kσ) の上限を求めてください。,P(|X-\mu|\ge1\\sigma)\le\frac{1}{1^2},1
1027-08,1027,チェビシェフ不等式,チェビシェフ不等式で k=6 とします。P(|X-μ|≥kσ) の上限を求めてください。,P(|X-\mu|\ge6\\sigma)\le\frac{1}{6^2},\frac{1}{36}
1027-09,1027,チェビシェフ不等式,チェビシェフ不等式で k=8 とします。P(|X-μ|≥kσ) の上限を求めてください。,P(|X-\mu|\ge8\\sigma)\le\frac{1}{8^2},\frac{1}{64}
1027-10,1027,チェビシェフ不等式,チェビシェフ不等式で k=1.5 とします。P(|X-μ|≥kσ) の上限を求めてください。,P(|X-\mu|\ge1.5\\sigma)\le\frac{1}{1.5^2},\frac{4}{9}
1028-01,1028,中心極限定理,平均 10、分散 4の独立同分布 の独立同分布から標本サイズ n=25 の標本を取ります。標本平均の近似分布を求めてください。,"\bar{X}approx N(10,\frac{4}{25})","N(10,0.16)"
1028-02,1028,中心極限定理,平均 0、分散 1 の独立同分布から標本サイズ n=100 の標本を取ります。中心極限定理による標準化後の極限分布を求めてください。,"\frac{\sum X_i-0}{\sqrt{100}}\too N(0,1)","N(0,1)"
1028-03,1028,中心極限定理,平均 5、分散 9 の独立同分布から標本サイズ n=36 の標本を取ります。標本平均の分散を求めてください。,Var(\bar{X})=\frac{9}{36},\frac{1}{4}
1028-04,1028,中心極限定理,平均 2、分散 16 の独立同分布から標本サイズ n=64 の標本を取ります。標本平均の標準偏差を求めてください。,\sqrt{\frac{16}{64}},\frac{1}{2}
1028-05,1028,中心極限定理,平均 100、分散 25 の独立同分布から標本サイズ n=100 の標本を取ります。標本平均の近似分布を求めてください。,"\bar{X}approx N(100,\frac{25}{100})","N(100,0.25)"
1028-06,1028,中心極限定理,平均 0、分散 4 の独立同分布から標本サイズ n=16 の標本を取ります。標本平均の分散を求めてください。,Var(\bar{X})=\frac{4}{16},\frac{1}{4}
1028-07,1028,中心極限定理,平均 3、分散 12 の独立同分布から標本サイズ n=48 の標本を取ります。標本平均の分散を求めてください。,Var(\bar{X})=\frac{12}{48},\frac{1}{4}
1028-08,1028,中心極限定理,平均 1、分散 1 の独立同分布から標本サイズ n=25 の標本を取ります。標本平均の近似分布を求めてください。,"\bar{X}approx N(1,\frac{1}{25})","N(1,0.04)"
1028-09,1028,中心極限定理,平均 50、分散 100 の独立同分布から標本サイズ n=100 の標本を取ります。標本平均の標準偏差を求めてください。,\sqrt{\frac{100}{100}},1
1028-10,1028,中心極限定理,平均 7、分散 49 の独立同分布から標本サイズ n=49 の標本を取ります。標本平均の分散を求めてください。,Var(\bar{X})=\frac{49}{49},1
1029-01,1029,大数の法則,独立同分布の標本について、母平均が μ=5 です。標本サイズ n を大きくしたとき、標本平均が近づく値を求めてください。,\frac{1}{n}\sum X_i\toomu,5
1029-02,1029,大数の法則,独立同分布の標本について、母平均が μ=0 です。標本サイズ n を大きくしたとき、標本平均が近づく値を求めてください。,\bar{X}\too0,0
1029-03,1029,大数の法則,独立同分布の標本について、母平均が μ=10 です。標本サイズ n を大きくしたとき、標本平均が近づく値を求めてください。,\bar{X}\too10,10
1029-04,1029,大数の法則,成功確率 p=0.3 のベルヌーイ試行を繰り返します。標本比率の極限を求めてください。,\frac{1}{n}\sum X_i\too p,0.3
1029-05,1029,大数の法則,公平なサイコロの出目の平均は 7/2 です。標本平均の極限を求めてください。,\bar{X}\too\frac{7}{2},\frac{7}{2}
1029-06,1029,大数の法則,独立同分布の標本について、母平均が μ=-2 です。標本サイズ n を大きくしたとき、標本平均が近づく値を求めてください。,\bar{X}\too-2,-2
1029-07,1029,大数の法則,独立同分布の標本について、母平均が μ=1/4 です。標本サイズ n を大きくしたとき、標本平均が近づく値を求めてください。,\bar{X}\too\frac{1}{4},\frac{1}{4}
1029-08,1029,大数の法則,独立同分布の標本について、母平均が μ=100 です。標本サイズ n を大きくしたとき、標本平均が近づく値を求めてください。,\bar{X}\too100,100
1029-09,1029,大数の法則,成功確率 p=0.8 のベルヌーイ分布から標本を取ります。標本平均の極限を求めてください。,\bar{X}\too0.8,0.8
1029-10,1029,大数の法則,独立同分布の標本について、母平均が μ=3.5 です。標本サイズ n を大きくしたとき、標本平均が近づく値を求めてください。,\bar{X}\too3.5,3.5
2001-01,2001,階乗,3! の値を求めてください。,3!=3\cdot2\cdot1,6
2001-02,2001,階乗,4! の値を求めてください。,4!=4\cdot3\cdot2\cdot1,24
2001-03,2001,階乗,5! の値を求めてください。,5!,120
2001-04,2001,階乗,6! の値を求めてください。,6!,720
2001-05,2001,階乗,0! の値を求めてください。,0!,1
2001-06,2001,階乗,7! / 5! の値を求めてください。,\frac{7!}{5!}=7\cdot6,42
2001-07,2001,階乗,5! / 3! の値を求めてください。,\frac{5!}{3!}=5\cdot4,20
2001-08,2001,階乗,8! / 6! の値を求めてください。,\frac{8!}{6!}=8\cdot7,56
2001-09,2001,階乗,3! + 2! の値を求めてください。,3!+2!,8
2001-10,2001,階乗,4! / 2! の値を求めてください。,\frac{4!}{2!},12
2002-01,2002,n個からr個を選ぶ順列,5 個の異なるものから 2 個を選んで順に並べる順列の数を求めてください。,{}_5P_2=\frac{5!}{3!},20
2002-02,2002,n個からr個を選ぶ順列,6 個の異なるものから 3 個を選んで順に並べる順列の数を求めてください。,{}_6P_3=\frac{6!}{3!},120
2002-03,2002,n個からr個を選ぶ順列,4 個の異なるものから 2 個を選んで順に並べる順列の数を求めてください。,{}_4P_2=\frac{4!}{2!},12
2002-04,2002,n個からr個を選ぶ順列,7 個の異なるものから 1 個を選ぶ場合の順列数を求めてください。,{}_7P_1,7
2002-05,2002,n個からr個を選ぶ順列,7 個の異なるものから 2 個を選んで順に並べる順列の数を求めてください。,{}_7P_2=7\cdot6,42
2002-06,2002,n個からr個を選ぶ順列,8 個の異なるものから 2 個を選んで順に並べる順列の数を求めてください。,{}_8P_2=8\cdot7,56
2002-07,2002,n個からr個を選ぶ順列,5 個の異なるものから 5 個を選んで順に並べる順列の数を求めてください。,{}_5P_5=5!,120
2002-08,2002,n個からr個を選ぶ順列,9 個の異なるものから 2 個を選んで順に並べる順列の数を求めてください。,{}_9P_2=9\cdot8,72
2002-09,2002,n個からr個を選ぶ順列,10 個の異なるものから 3 個を選んで順に並べる順列の数を求めてください。,{}_{10}P_3=10\cdot9\cdot8,720
2002-10,2002,n個からr個を選ぶ順列,6 個の異なるものから 1 個を選ぶ場合の順列数を求めてください。,{}_6P_1,6
2003-01,2003,n個からr個を選ぶ組合せ,5 個の異なるものから 2 個を選ぶ組合せの数を求めてください。,{}_5C_2=\frac{5!}{2!3!},10
2003-02,2003,n個からr個を選ぶ組合せ,6 個の異なるものから 3 個を選ぶ組合せの数を求めてください。,{}_6C_3=\frac{6!}{3!3!},20
2003-03,2003,n個からr個を選ぶ組合せ,4 個の異なるものから 2 個を選ぶ組合せの数を求めてください。,{}_4C_2,6
2003-04,2003,n個からr個を選ぶ組合せ,7 個の異なるものから 1 個を選ぶ組合せの数を求めてください。,{}_7C_1,7
2003-05,2003,n個からr個を選ぶ組合せ,7 個の異なるものから 2 個を選ぶ組合せの数を求めてください。,{}_7C_2,21
2003-06,2003,n個からr個を選ぶ組合せ,8 個の異なるものから 2 個を選ぶ組合せの数を求めてください。,{}_8C_2,28
2003-07,2003,n個からr個を選ぶ組合せ,5 個の異なるものから 5 個を選ぶ組合せの数を求めてください。,{}_5C_5,1
2003-08,2003,n個からr個を選ぶ組合せ,9 個の異なるものから 2 個を選ぶ組合せの数を求めてください。,{}_9C_2,36
2003-09,2003,n個からr個を選ぶ組合せ,10 個の異なるものから 3 個を選ぶ組合せの数を求めてください。,{}_{10}C_3,120
2003-10,2003,n個からr個を選ぶ組合せ,6 個の異なるものから 0 個を選ぶ組合せの数を求めてください。,{}_6C_0,1
2004-01,2004,重複順列,4桁の暗証番号を各桁10通りで作る数を求めてください。,10^4,10000
2004-02,2004,重複順列,3回コインを投げる列の数を求めてください。,2^3,8
2004-03,2004,重複順列,5問の○×の答え方を求めてください。,2^5,32
2004-04,2004,重複順列,サイコロを2回振る結果列の数を求めてください。,6^2,36
2004-05,2004,重複順列,3色から4個を順に選ぶ数を求めてください。,3^4,81
2004-06,2004,重複順列,アルファベット26文字から2文字列を求めてください。,26^2,676
2004-07,2004,重複順列,4択を3問解く答え方を求めてください。,4^3,64
2004-08,2004,重複順列,5種類から2回選ぶ重複順列を求めてください。,5^2,25
2004-09,2004,重複順列,2種類から10回選ぶ列を求めてください。,2^{10},1024
2004-10,2004,重複順列,10種類から1回選ぶ列を求めてください。,10^1,10
2005-01,2005,重複組合せ,3 種類のものから重複を許して 2 個を選ぶ組合せの数を求めてください。,{}_3H_2={}_{4}C_2,6
2005-02,2005,重複組合せ,4 種類のものから重複を許して 2 個を選ぶ組合せの数を求めてください。,{}_4H_2={}_{5}C_2,10
2005-03,2005,重複組合せ,3 種類のものから重複を許して 3 個を選ぶ組合せの数を求めてください。,{}_3H_3={}_{5}C_3,10
2005-04,2005,重複組合せ,5 種類のものから重複を許して 2 個を選ぶ組合せの数を求めてください。,{}_5H_2={}_{6}C_2,15
2005-05,2005,重複組合せ,2 種類のものから重複を許して 4 個を選ぶ組合せの数を求めてください。,{}_2H_4={}_{5}C_4,5
2005-06,2005,重複組合せ,4 種類のものから重複を許して 3 個を選ぶ組合せの数を求めてください。,{}_4H_3={}_{6}C_3,20
2005-07,2005,重複組合せ,6 種類のものから重複を許して 2 個を選ぶ組合せの数を求めてください。,{}_6H_2={}_{7}C_2,21
2005-08,2005,重複組合せ,3 種類のものから重複を許して 4 個を選ぶ組合せの数を求めてください。,{}_3H_4={}_{6}C_4,15
2005-09,2005,重複組合せ,5 種類のものから重複を許して 3 個を選ぶ組合せの数を求めてください。,{}_5H_3={}_{7}C_3,35
2005-10,2005,重複組合せ,2 種類のものから重複を許して 5 個を選ぶ組合せの数を求めてください。,{}_2H_5={}_{6}C_5,6
2006-01,2006,二項展開,二項展開 (x+y)^3 における x^2y の係数を求めてください。,{}_3C_1,3
2006-02,2006,二項展開,二項展開 (x+y)^4 における x^2y^2 の係数を求めてください。,{}_4C_2,6
2006-03,2006,二項展開,二項展開 (x+y)^5 における x^4y の係数を求めてください。,{}_5C_1,5
2006-04,2006,二項展開,二項展開 (x+y)^5 における x^3y^2 の係数を求めてください。,{}_5C_2,10
2006-05,2006,二項展開,二項展開 (x+y)^6 における x^3y^3 の係数を求めてください。,{}_6C_3,20
2006-06,2006,二項展開,二項展開 (x+y)^6 における x^5y の係数を求めてください。,{}_6C_1,6
2006-07,2006,二項展開,二項展開 (x+y)^7 における x^5y^2 の係数を求めてください。,{}_7C_2,21
2006-08,2006,二項展開,二項展開 (x+y)^8 における x^6y^2 の係数を求めてください。,{}_8C_2,28
2006-09,2006,二項展開,二項展開 (x+y)^4 における y^4 の係数を求めてください。,{}_4C_4,1
2006-10,2006,二項展開,二項展開 (x+y)^9 における x^8y の係数を求めてください。,{}_9C_1,9
3001-01,3001,二項分布,"確率変数 X が二項分布 Bin(3, 1/2) に従うとします。P(X=2) を求めてください。",P(X=2)={3choose2}(\frac{1}{2})^2(\frac{1}{2}),\frac{3}{8}
3001-02,3001,二項分布,"確率変数 X が二項分布 Bin(4, 1/2) に従うとします。P(X=0) を求めてください。",P(X=0)={4choose0}(\frac{1}{2})^0(\frac{1}{2})^4,\frac{1}{16}
3001-03,3001,二項分布,"確率変数 X が二項分布 Bin(2, 0.3) に従うとします。P(X=1) を求めてください。",P(X=1)={2choose1}0.3(0.7),0.42
3001-04,3001,二項分布,"確率変数 X が二項分布 Bin(5, 1/2) に従うとします。P(X=5) を求めてください。",P(X=5)={5choose5}(\frac{1}{2})^5,\frac{1}{32}
3001-05,3001,二項分布,"確率変数 X が二項分布 Bin(3, 0.2) に従うとします。P(X=0) を求めてください。",P(X=0)=(0.8)^3,0.512
3001-06,3001,二項分布,"確率変数 X が二項分布 Bin(2, 1/4) に従うとします。P(X=2) を求めてください。",P(X=2)=(\frac14)^2,\frac{1}{16}
3001-07,3001,二項分布,"確率変数 X が二項分布 Bin(4, 0.5) に従うとします。P(X=2) を求めてください。",P(X=2)={4choose2}(0.5)^4,0.375
3001-08,3001,二項分布,"確率変数 X が二項分布 Bin(1, 0.7) に従うとします。P(X=1) を求めてください。",P(X=1)=0.7,0.7
3001-09,3001,二項分布,"確率変数 X が二項分布 Bin(3, 1/3) に従うとします。P(X=1) を求めてください。",P(X=1)={3choose1}\frac13(\frac23)^2,\frac{4}{9}
3001-10,3001,二項分布,"確率変数 X が二項分布 Bin(2, 0.6) に従うとします。P(X=0) を求めてください。",P(X=0)=(0.4)^2,0.16
3002-01,3002,ポアソン分布,確率変数 X が平均発生率 λ=2 のポアソン分布に従うとします。P(X=0) を求めてください。,P(X=0)=\frac{2^0e^{-2}}{0!},e^{-2}
3002-02,3002,ポアソン分布,確率変数 X が平均発生率 λ=2 のポアソン分布に従うとします。P(X=1) を求めてください。,P(X=1)=\frac{2^1e^{-2}}{1!},2e^{-2}
3002-03,3002,ポアソン分布,確率変数 X が平均発生率 λ=3 のポアソン分布に従うとします。P(X=2) を求めてください。,P(X=2)=\frac{3^2e^{-3}}{2!},\frac{9}{2}e^{-3}
3002-04,3002,ポアソン分布,確率変数 X が平均発生率 λ=1 のポアソン分布に従うとします。P(X=0) を求めてください。,P(X=0)=e^{-1},e^{-1}
3002-05,3002,ポアソン分布,確率変数 X が平均発生率 λ=4 のポアソン分布に従うとします。P(X=1) を求めてください。,P(X=1)=4e^{-4},4e^{-4}
3002-06,3002,ポアソン分布,確率変数 X が平均発生率 λ=5 のポアソン分布に従うとします。P(X=0) を求めてください。,P(X=0)=e^{-5},e^{-5}
3002-07,3002,ポアソン分布,確率変数 X が平均発生率 λ=1 のポアソン分布に従うとします。P(X=2) を求めてください。,P(X=2)=\frac{1^2e^{-1}}{2!},\frac{1}{2}e^{-1}
3002-08,3002,ポアソン分布,確率変数 X が平均発生率 λ=2 のポアソン分布に従うとします。P(X=2) を求めてください。,P(X=2)=\frac{2^2e^{-2}}{2!},2e^{-2}
3002-09,3002,ポアソン分布,確率変数 X が平均発生率 λ=3 のポアソン分布に従うとします。P(X=0) を求めてください。,P(X=0)=e^{-3},e^{-3}
3002-10,3002,ポアソン分布,確率変数 X が平均発生率 λ=6 のポアソン分布に従うとします。P(X=1) を求めてください。,P(X=1)=6e^{-6},6e^{-6}
3003-01,3003,正規分布,平均 0、分散 1 の正規分布を記号で表してください。,"Xsim N(0,1)","N(0,1)"
3003-02,3003,正規分布,平均 5、分散 4 の正規分布を記号で表してください。,"Xsim N(5,4)","N(5,4)"
3003-03,3003,正規分布,平均 10、標準偏差 3 の正規分布を考えます。分散を求めてください。,\sigma^2=3^2,9
3003-04,3003,正規分布,"確率変数 X は正規分布 N(2, 9) に従います。平均を求めてください。","Xsim N(2,9)",2
3003-05,3003,正規分布,"確率変数 X は正規分布 N(2, 9) に従います。分散を求めてください。","Xsim N(2,9)",9
3003-06,3003,正規分布,平均 -1、分散 16 の正規分布を記号で表してください。,"Xsim N(-1,16)","N(-1,16)"
3003-07,3003,正規分布,標準正規分布について、平均を求めてください。,"Zsim N(0,1)",0
3003-08,3003,正規分布,標準正規分布について、分散を求めてください。,"Zsim N(0,1)",1
3003-09,3003,正規分布,平均 3、標準偏差 2 の正規分布を記号で表してください。,"Xsim N(3,2^2)","N(3,4)"
3003-10,3003,正規分布,平均 100、分散 25 の正規分布を記号で表してください。,"Xsim N(100,25)","N(100,25)"
3004-01,3004,標準正規分布,"確率変数 X は正規分布 N(10, 4) に従います。観測値 x=12 を標準化した Z 値を求めてください。",Z=\frac{12-10}{2},1
3004-02,3004,標準正規分布,"確率変数 X は正規分布 N(0, 1) に従います。観測値 x=1 を標準化した Z 値を求めてください。",Z=\frac{1-0}{1},1
3004-03,3004,標準正規分布,"確率変数 X は正規分布 N(5, 9) に従います。観測値 x=2 を標準化した Z 値を求めてください。",Z=\frac{2-5}{3},-1
3004-04,3004,標準正規分布,"確率変数 X は正規分布 N(100, 25) に従います。観測値 x=110 を標準化した Z 値を求めてください。",Z=\frac{110-100}{5},2
3004-05,3004,標準正規分布,"確率変数 X は正規分布 N(50, 100) に従います。観測値 x=40 を標準化した Z 値を求めてください。",Z=\frac{40-50}{10},-1
3004-06,3004,標準正規分布,"確率変数 X は正規分布 N(3, 4) に従います。観測値 x=7 を標準化した Z 値を求めてください。",Z=\frac{7-3}{2},2
3004-07,3004,標準正規分布,"確率変数 X は正規分布 N(8, 16) に従います。観測値 x=0 を標準化した Z 値を求めてください。",Z=\frac{0-8}{4},-2
3004-08,3004,標準正規分布,"確率変数 X は正規分布 N(20, 25) に従います。観測値 x=25 を標準化した Z 値を求めてください。",Z=\frac{25-20}{5},1
3004-09,3004,標準正規分布,"確率変数 X は正規分布 N(1, 9) に従います。観測値 x=4 を標準化した Z 値を求めてください。",Z=\frac{4-1}{3},1
3004-10,3004,標準正規分布,"確率変数 X は正規分布 N(-2, 4) に従います。観測値 x=0 を標準化した Z 値を求めてください。",Z=\frac{0-(-2)}{2},1
3005-01,3005,指数分布,確率変数 X がパラメータ λ=2 の指数分布に従うとします。密度関数 f(x) を求めてください。,f(x)=2e^{-2x},2e^{-2x}
3005-02,3005,指数分布,確率変数 X がパラメータ λ=1 の指数分布に従うとします。密度関数 f(x) を求めてください。,f(x)=e^{-x},e^{-x}
3005-03,3005,指数分布,確率変数 X がパラメータ λ=3 の指数分布に従うとします。密度関数 f(x) を求めてください。,f(x)=3e^{-3x},3e^{-3x}
3005-04,3005,指数分布,確率変数 X がパラメータ λ=1/2 の指数分布に従うとします。密度関数 f(x) を求めてください。,f(x)=\frac{1}{2}e^{-x/2},\frac{1}{2}e^{-x/2}
3005-05,3005,指数分布,確率変数 X がパラメータ λ=4 の指数分布に従うとします。密度関数の値 f(1) を求めてください。,f(1)=4e^{-4},4e^{-4}
3005-06,3005,指数分布,確率変数 X がパラメータ λ=2 の指数分布に従うとします。密度関数の値 f(0) を求めてください。,f(0)=2e^0,2
3005-07,3005,指数分布,確率変数 X がパラメータ λ=5 の指数分布に従うとします。密度関数 f(x) を求めてください。,f(x)=5e^{-5x},5e^{-5x}
3005-08,3005,指数分布,確率変数 X がパラメータ λ=0.1 の指数分布に従うとします。密度関数 f(x) を求めてください。,f(x)=0.1e^{-0.1x},0.1e^{-0.1x}
3005-09,3005,指数分布,確率変数 X がパラメータ λ=2 の指数分布に従うとします。平均 E[X] を求めてください。,E[X]=\frac{1}{\lambda},\frac{1}{2}
3005-10,3005,指数分布,確率変数 X がパラメータ λ=4 の指数分布に従うとします。平均 E[X] を求めてください。,E[X]=\frac{1}{4},\frac{1}{4}
3006-01,3006,指数分布の無記憶性,指数分布に従う確率変数 X について、無記憶性を用いて P(X>5|X>2) を P(X>t) の形で表してください。,P(X>2+3|X>2)=P(X>3),P(X>3)
3006-02,3006,指数分布の無記憶性,確率変数 X がパラメータ λ=2 の指数分布に従います。無記憶性を用いて P(X>5|X>2) を求めてください。,P(X>5|X>2)=P(X>3)=e^{-2\cdot3},e^{-6}
3006-03,3006,指数分布の無記憶性,確率変数 X がパラメータ λ=1 の指数分布に従います。無記憶性を用いて P(X>7|X>4) を求めてください。,P(X>7|X>4)=P(X>3),e^{-3}
3006-04,3006,指数分布の無記憶性,確率変数 X がパラメータ λ=0.5 の指数分布に従います。無記憶性を用いて P(X>6|X>2) を求めてください。,P(X>6|X>2)=P(X>4)=e^{-0.5\cdot4},e^{-2}
3006-05,3006,指数分布の無記憶性,指数分布に従う確率変数 X について、無記憶性により P(X>s+t|X>s) を表してください。,P(X>s+t|X>s)=P(X>t),P(X>t)
3006-06,3006,指数分布の無記憶性,確率変数 X がパラメータ λ=3 の指数分布に従います。無記憶性を用いて P(X>3|X>1) を求めてください。,P(X>3|X>1)=P(X>2)=e^{-6},e^{-6}
3006-07,3006,指数分布の無記憶性,確率変数 X がパラメータ λ=1 の指数分布に従います。無記憶性を用いて P(X>10|X>9) を求めてください。,P(X>10|X>9)=P(X>1),e^{-1}
3006-08,3006,指数分布の無記憶性,確率変数 X がパラメータ λ=2 の指数分布に従います。無記憶性を用いて P(X>4|X>1) を求めてください。,P(X>4|X>1)=P(X>3),e^{-6}
3006-09,3006,指数分布の無記憶性,確率変数 X がパラメータ λ=0.2 の指数分布に従います。無記憶性を用いて P(X>8|X>3) を求めてください。,P(X>8|X>3)=P(X>5)=e^{-1},e^{-1}
3006-10,3006,指数分布の無記憶性,確率変数 X がパラメータ λ=4 の指数分布に従います。無記憶性を用いて P(X>2|X>1) を求めてください。,P(X>2|X>1)=P(X>1)=e^{-4},e^{-4}
4001-01,4001,標本平均,"観測値 1, 2, 3 が与えられています。標本平均を求めてください。",\bar{X}=\frac{1+2+3}{3},2
4001-02,4001,標本平均,"観測値 2, 4, 6 が与えられています。標本平均を求めてください。",\bar{X}=\frac{2+4+6}{3},4
4001-03,4001,標本平均,"観測値 5, 5, 5 が与えられています。標本平均を求めてください。",\bar{X}=\frac{15}{3},5
4001-04,4001,標本平均,"観測値 1, 3, 5, 7 が与えられています。標本平均を求めてください。",\bar{X}=\frac{16}{4},4
4001-05,4001,標本平均,"観測値 10, 20 が与えられています。標本平均を求めてください。",\bar{X}=\frac{30}{2},15
4001-06,4001,標本平均,"観測値 0, 1 が与えられています。標本平均を求めてください。",\bar{X}=\frac{1}{2},0.5
4001-07,4001,標本平均,"観測値 3, 6, 9 が与えられています。標本平均を求めてください。",\bar{X}=\frac{18}{3},6
4001-08,4001,標本平均,"観測値 2, 2, 8 が与えられています。標本平均を求めてください。",\bar{X}=\frac{12}{3},4
4001-09,4001,標本平均,"観測値 4, 6, 8, 10 が与えられています。標本平均を求めてください。",\bar{X}=\frac{28}{4},7
4001-10,4001,標本平均,"観測値 100, 200, 300 が与えられています。標本平均を求めてください。",\bar{X}=\frac{600}{3},200
4002-01,4002,不偏分散,"観測値 1, 2, 3 が与えられています。不偏分散を求めてください。",S^2=\frac{(1-2)^2+(2-2)^2+(3-2)^2}{2},1
4002-02,4002,不偏分散,"観測値 2, 4, 6 が与えられています。不偏分散を求めてください。",S^2=\frac{(2-4)^2+(4-4)^2+(6-4)^2}{2},4
4002-03,4002,不偏分散,"観測値 1, 1, 1 が与えられています。不偏分散を求めてください。",S^2=0,0
4002-04,4002,不偏分散,"観測値 0, 2 が与えられています。不偏分散を求めてください。",S^2=\frac{(0-1)^2+(2-1)^2}{1},2
4002-05,4002,不偏分散,"観測値 3, 5, 7 が与えられています。不偏分散を求めてください。",S^2=\frac{(3-5)^2+(5-5)^2+(7-5)^2}{2},4
4002-06,4002,不偏分散,"観測値 10, 20 が与えられています。不偏分散を求めてください。",S^2=\frac{(10-15)^2+(20-15)^2}{1},50
4002-07,4002,不偏分散,"観測値 2, 2, 8 が与えられています。不偏分散を求めてください。",S^2=\frac{(2-4)^2+(2-4)^2+(8-4)^2}{2},12
4002-08,4002,不偏分散,"観測値 4, 6, 8 が与えられています。不偏分散を求めてください。",S^2=\frac{(4-6)^2+(6-6)^2+(8-6)^2}{2},4
4002-09,4002,不偏分散,"観測値 0, 0, 3 が与えられています。不偏分散を求めてください。",S^2=\frac{(0-1)^2+(0-1)^2+(3-1)^2}{2},3
4002-10,4002,不偏分散,"観測値 1, 3, 5, 7 が与えられています。不偏分散を求めてください。",S^2=\frac{(1-4)^2+(3-4)^2+(5-4)^2+(7-4)^2}{3},\frac{20}{3}
4003-01,4003,最尤推定,ベルヌーイ標本で 10 回中 7 回の成功が観測されました。成功確率 p の最尤推定値を求めてください。,\hat{p}=\frac{7}{10},0.7
4003-02,4003,最尤推定,ベルヌーイ試行を 5 回行い、成功が 3 回観測されました。成功確率 p の最尤推定値を求めてください。,\hat{p}=\frac{3}{5},0.6
4003-03,4003,最尤推定,ポアソン分布からの標本について、標本平均が 4 です。パラメータ λ の最尤推定値を求めてください。,\hat{\lambda}=\bar{X},4
4003-04,4003,最尤推定,正規分布からの標本について、標本平均が 10 です。母平均 μ の最尤推定値を求めてください。,\hat{\mu}=\bar{X},10
4003-05,4003,最尤推定,指数分布からの標本について、標本平均が 2 です。パラメータ λ の最尤推定値を求めてください。,\hat{\lambda}=\frac{1}{\bar{X}},\frac{1}{2}
4003-06,4003,最尤推定,ベルヌーイ試行を 4 回行い、成功が 0 回観測されました。成功確率 p の最尤推定値を求めてください。,\hat{p}=0/4,0
4003-07,4003,最尤推定,ベルヌーイ試行を 4 回行い、成功が 4 回観測されました。成功確率 p の最尤推定値を求めてください。,\hat{p}=4/4,1
4003-08,4003,最尤推定,"ポアソン分布からの標本 2,3,4 が与えられています。パラメータ λ の最尤推定値を求めてください。",\hat{\lambda}=\bar{X}=\frac{2+3+4}{3},3
4003-09,4003,最尤推定,"正規分布からの標本 1,2,3 が与えられています。母平均 μ の最尤推定値を求めてください。",\hat{\mu}=\bar{X},2
4003-10,4003,最尤推定,指数分布からの標本について、標本平均が 5 です。パラメータ λ の最尤推定値を求めてください。,\hat{\lambda}=\frac{1}{5},\frac{1}{5}
4004-01,4004,Z検定,母標準偏差 σ=4 が既知で、標本平均が 12、帰無仮説の平均が μ=10、標本サイズが n=4 です。Z値を求めてください。,Z=\frac{12-10}{4/\sqrt{4}},1
4004-02,4004,Z検定,母標準偏差 σ=2 が既知で、標本平均が 9、帰無仮説の平均が μ=10、標本サイズが n=4 です。Z値を求めてください。,Z=\frac{9-10}{2/2},-1
4004-03,4004,Z検定,母標準偏差 σ=10 が既知で、標本平均が 105、帰無仮説の平均が μ=100、標本サイズが n=16 です。Z値を求めてください。,Z=\frac{105-100}{10/4},2
4004-04,4004,Z検定,母標準偏差 σ=10 が既知で、標本平均が 50、帰無仮説の平均が μ=45、標本サイズが n=4 です。Z値を求めてください。,Z=\frac{50-45}{10/2},1
4004-05,4004,Z検定,母標準偏差 σ=2 が既知で、標本平均が 0、帰無仮説の平均が μ=1、標本サイズが n=4 です。Z値を求めてください。,Z=\frac{0-1}{2/2},-1
4004-06,4004,Z検定,母標準偏差 σ=6 が既知で、標本平均が 20、帰無仮説の平均が μ=18、標本サイズが n=9 です。Z値を求めてください。,Z=\frac{20-18}{6/3},1
4004-07,4004,Z検定,母標準偏差 σ=10 が既知で、標本平均が 30、帰無仮説の平均が μ=25、標本サイズが n=16 です。Z値を求めてください。,Z=\frac{30-25}{10/4},2
4004-08,4004,Z検定,母標準偏差 σ=3 が既知で、標本平均が 4、帰無仮説の平均が μ=5、標本サイズが n=9 です。Z値を求めてください。,Z=\frac{4-5}{3/3},-1
4004-09,4004,Z検定,母標準偏差 σ=4 が既知で、標本平均が 8、帰無仮説の平均が μ=6、標本サイズが n=4 です。Z値を求めてください。,Z=\frac{8-6}{4/2},1
4004-10,4004,Z検定,母標準偏差 σ=20 が既知で、標本平均が 100、帰無仮説の平均が μ=90、標本サイズが n=16 です。Z値を求めてください。,Z=\frac{100-90}{20/4},2
4005-01,4005,t検定,標本標準偏差 S=4、標本平均 12、帰無仮説の平均 μ=10、標本サイズ n=4 が与えられています。t値を求めてください。,t=\frac{12-10}{4/\sqrt{4}},1
4005-02,4005,t検定,標本標準偏差 S=2、標本平均 9、帰無仮説の平均 μ=10、標本サイズ n=4 が与えられています。t値を求めてください。,t=\frac{9-10}{2/2},-1
4005-03,4005,t検定,標本標準偏差 S=10、標本平均 105、帰無仮説の平均 μ=100、標本サイズ n=16 が与えられています。t値を求めてください。,t=\frac{105-100}{10/4},2
4005-04,4005,t検定,標本標準偏差 S=10、標本平均 50、帰無仮説の平均 μ=45、標本サイズ n=4 が与えられています。t値を求めてください。,t=\frac{50-45}{10/2},1
4005-05,4005,t検定,標本標準偏差 S=2、標本平均 0、帰無仮説の平均 μ=1、標本サイズ n=4 が与えられています。t値を求めてください。,t=\frac{0-1}{2/2},-1
4005-06,4005,t検定,標本標準偏差 S=6、標本平均 20、帰無仮説の平均 μ=18、標本サイズ n=9 が与えられています。t値を求めてください。,t=\frac{20-18}{6/3},1
4005-07,4005,t検定,標本標準偏差 S=10、標本平均 30、帰無仮説の平均 μ=25、標本サイズ n=16 が与えられています。t値を求めてください。,t=\frac{30-25}{10/4},2
4005-08,4005,t検定,標本標準偏差 S=3、標本平均 4、帰無仮説の平均 μ=5、標本サイズ n=9 が与えられています。t値を求めてください。,t=\frac{4-5}{3/3},-1
4005-09,4005,t検定,標本標準偏差 S=4、標本平均 8、帰無仮説の平均 μ=6、標本サイズ n=4 が与えられています。t値を求めてください。,t=\frac{8-6}{4/2},1
4005-10,4005,t検定,標本標準偏差 S=20、標本平均 100、帰無仮説の平均 μ=90、標本サイズ n=16 が与えられています。t値を求めてください。,t=\frac{100-90}{20/4},2
4006-01,4006,カイ二乗統計量,"観測度数 O=(10,20)、期待度数 E=(15,15) が与えられています。χ二乗統計量を求めてください。",chi^2=\frac{(10-15)^2}{15}+\frac{(20-15)^2}{15},\frac{10}{3}
4006-02,4006,カイ二乗統計量,"観測度数 O=(8,12)、期待度数 E=(10,10) が与えられています。χ二乗統計量を求めてください。",chi^2=\frac{4}{10}+\frac{4}{10},0.8
4006-03,4006,カイ二乗統計量,"観測度数 O=(5,5)、期待度数 E=(5,5) が与えられています。χ二乗統計量を求めてください。",chi^2=0,0
4006-04,4006,カイ二乗統計量,"観測度数 O=(20,30)、期待度数 E=(25,25) が与えられています。χ二乗統計量を求めてください。",chi^2=\frac{25}{25}+\frac{25}{25},2
4006-05,4006,カイ二乗統計量,ある1セルについて、観測度数 O=12、期待度数 E=10 です。χ二乗統計量への寄与を求めてください。,\frac{(12-10)^2}{10},0.4
4006-06,4006,カイ二乗統計量,ある1セルについて、観測度数 O=9、期待度数 E=6 です。χ二乗統計量への寄与を求めてください。,\frac{(9-6)^2}{6},1.5
4006-07,4006,カイ二乗統計量,"観測度数 O=(6,14)、期待度数 E=(10,10) が与えられています。χ二乗統計量を求めてください。",chi^2=\frac{16}{10}+\frac{16}{10},3.2
4006-08,4006,カイ二乗統計量,"観測度数 O=(3,7)、期待度数 E=(5,5) が与えられています。χ二乗統計量を求めてください。",chi^2=\frac{4}{5}+\frac{4}{5},1.6
4006-09,4006,カイ二乗統計量,ある1セルについて、観測度数 O=15、期待度数 E=12 です。χ二乗統計量への寄与を求めてください。,\frac{(15-12)^2}{12},0.75
4006-10,4006,カイ二乗統計量,"観測度数 O=(11,9)、期待度数 E=(10,10) が与えられています。χ二乗統計量を求めてください。",chi^2=\frac{1}{10}+\frac{1}{10},0.2
4007-01,4007,信頼区間（正規）,標本平均 xbar=10、母標準偏差 σ=4、標本サイズ n=16、信頼係数に対応する値 z=1.96 が与えられています。母平均の信頼区間を求めてください。,10pm1.96\frac{4}{4},10pm1.96
4007-02,4007,信頼区間（正規）,標本平均 xbar=100、母標準偏差 σ=20、標本サイズ n=25、信頼係数に対応する値 z=2 が与えられています。母平均の信頼区間を求めてください。,100pm2\frac{20}{5},100pm8
4007-03,4007,信頼区間（正規）,標本平均 xbar=50、母標準偏差 σ=10、標本サイズ n=100、信頼係数に対応する値 z=1.96 が与えられています。母平均の信頼区間を求めてください。,50pm1.96\frac{10}{10},50pm1.96
4007-04,4007,信頼区間（正規）,標本平均 xbar=5、母標準偏差 σ=2、標本サイズ n=4、信頼係数に対応する値 z=2 が与えられています。母平均の信頼区間を求めてください。,5pm2\frac{2}{2},5pm2
4007-05,4007,信頼区間（正規）,標本平均 xbar=30、母標準偏差 σ=6、標本サイズ n=9、信頼係数に対応する値 z=2 が与えられています。母平均の信頼区間を求めてください。,30pm2\frac{6}{3},30pm4
4007-06,4007,信頼区間（正規）,標本平均 xbar=0、母標準偏差 σ=1、標本サイズ n=100、信頼係数に対応する値 z=1.96 が与えられています。母平均の信頼区間を求めてください。,0pm1.96\frac{1}{10},0pm0.196
4007-07,4007,信頼区間（正規）,標本平均 xbar=80、母標準偏差 σ=12、標本サイズ n=36、信頼係数に対応する値 z=2 が与えられています。母平均の信頼区間を求めてください。,80pm2\frac{12}{6},80pm4
4007-08,4007,信頼区間（正規）,標本平均 xbar=20、母標準偏差 σ=5、標本サイズ n=25、信頼係数に対応する値 z=2 が与えられています。母平均の信頼区間を求めてください。,20pm2\frac{5}{5},20pm2
4007-09,4007,信頼区間（正規）,標本平均 xbar=3、母標準偏差 σ=3、標本サイズ n=9、信頼係数に対応する値 z=1 が与えられています。母平均の信頼区間を求めてください。,3pm1\frac{3}{3},3pm1
4007-10,4007,信頼区間（正規）,標本平均 xbar=12、母標準偏差 σ=8、標本サイズ n=16、信頼係数に対応する値 z=2 が与えられています。母平均の信頼区間を求めてください。,12pm2\frac{8}{4},12pm4
5001-01,5001,逆行列,逆行列A^{-1}があるときA^{-1}Aを求めてください。,A^{-1}A=I,I
5001-02,5001,逆行列,A^{-1}A=Iなら右辺を求めてください。,A^{-1}A=I,I
5001-03,5001,逆行列,Aが正則ならAA^{-1}を求めてください。,AA^{-1}=I,I
5001-04,5001,逆行列,2×2単位行列Iに対しIAを求めてください。,IA=A,A
5001-05,5001,逆行列,A^{-1}AのサイズはAが2×2なら？,A^{-1}A=I_2,I_2
5001-06,5001,逆行列,A^{-1}AのサイズはAが3×3なら？,A^{-1}A=I_3,I_3
5001-07,5001,逆行列,A=IのときA^{-1}Aを求めてください。,I^{-1}I=I,I
5001-08,5001,逆行列,A^{-1}A=Iの対角成分を求めてください。,I,1
5001-09,5001,逆行列,A^{-1}A=Iの非対角成分を求めてください。,I,0
5001-10,5001,逆行列,逆行列を左から掛けた結果を求めてください。,A^{-1}A=I,I
5002-01,5002,固有値方程式,A=2Iの固有値を求めてください。,Ax=2x,2
5002-02,5002,固有値方程式,A=3Iの固有値を求めてください。,Ax=3x,3
5002-03,5002,固有値方程式,"A=diag(1,2)でx=(1,0)の固有値を求めてください。",Ax=1x,1
5002-04,5002,固有値方程式,"A=diag(1,2)でx=(0,1)の固有値を求めてください。",Ax=2x,2
5002-05,5002,固有値方程式,Ax=5xなら固有値を求めてください。,Ax=\lambda x,5
5002-06,5002,固有値方程式,Ax=-xなら固有値を求めてください。,Ax=-1x,-1
5002-07,5002,固有値方程式,Ax=0xなら固有値を求めてください。,Ax=0x,0
5002-08,5002,固有値方程式,A=4Iの固有値を求めてください。,Ax=4x,4
5002-09,5002,固有値方程式,"A=diag(3,7)でx=(1,0)の固有値を求めてください。",Ax=3x,3
5002-10,5002,固有値方程式,"A=diag(3,7)でx=(0,1)の固有値を求めてください。",Ax=7x,7
6001-01,6001,微分係数,関数 f(x)=x^2 が与えられています。導関数を求めてください。,\frac{d}{dx}x^2,2x
6001-02,6001,微分係数,関数 f(x)=x^3 が与えられています。導関数を求めてください。,\frac{d}{dx}x^3,3x^2
6001-03,6001,微分係数,関数 f(x)=5x が与えられています。導関数を求めてください。,\frac{d}{dx}5x,5
6001-04,6001,微分係数,関数 f(x)=7 が与えられています。導関数を求めてください。,\frac{d}{dx}7,0
6001-05,6001,微分係数,関数 f(x)=x^4 が与えられています。導関数を求めてください。,\frac{d}{dx}x^4,4x^3
6001-06,6001,微分係数,関数 f(x)=2x^2 が与えられています。導関数を求めてください。,\frac{d}{dx}2x^2,4x
6001-07,6001,微分係数,関数 f(x)=x^2+1 が与えられています。導関数を求めてください。,\frac{d}{dx}(x^2+1),2x
6001-08,6001,微分係数,関数 f(x)=3x^3 が与えられています。導関数を求めてください。,\frac{d}{dx}3x^3,9x^2
6001-09,6001,微分係数,関数 f(x)=1/x が与えられています。導関数を求めてください。,\frac{d}{dx}x^{-1},-x^{-2}
6001-10,6001,微分係数,関数 f(x)=\sqrt(x) が与えられています。導関数を求めてください。,\frac{d}{dx}x^{1/2},\frac{1}{2}x^{-1/2}
6002-01,6002,定積分,定積分 ∫_0^1 x dx を計算してください。,"\int_0^1 x\,dx",\frac{1}{2}
6002-02,6002,定積分,定積分 ∫_0^1 2x dx を計算してください。,"\int_0^1 2x\,dx",1
6002-03,6002,定積分,定積分 ∫_0^2 1 dx を計算してください。,"\int_0^2 1\,dx",2
6002-04,6002,定積分,定積分 ∫_0^1 x^2 dx を計算してください。,"\int_0^1 x^2\,dx",\frac{1}{3}
6002-05,6002,定積分,定積分 ∫_1^3 1 dx を計算してください。,"\int_1^3 1\,dx",2
6002-06,6002,定積分,定積分 ∫_0^2 x dx を計算してください。,"\int_0^2 x\,dx",2
6002-07,6002,定積分,定積分 ∫_0^1 3x^2 dx を計算してください。,"\int_0^1 3x^2\,dx",1
6002-08,6002,定積分,定積分 ∫_0^4 1/2 dx を計算してください。,"\int_0^4 \frac{1}{2}\,dx",2
6002-09,6002,定積分,定積分 ∫_0^1 4x^3 dx を計算してください。,"\int_0^1 4x^3\,dx",1
6002-10,6002,定積分,定積分 ∫_0^a 1 dx を計算してください。,"\int_0^a 1\,dx",a
6003-01,6003,偏微分,"2変数関数 f(x,y)=x^2+y が与えられています。x に関する偏微分を求めてください。",\frac{\partial}{\partial x}(x^2+y),2x
6003-02,6003,偏微分,"2変数関数 f(x,y)=xy が与えられています。x に関する偏微分を求めてください。",\frac{\partial}{\partial x}xy,y
6003-03,6003,偏微分,"2変数関数 f(x,y)=xy が与えられています。y に関する偏微分を求めてください。",\frac{\partial}{\partial y}xy,x
6003-04,6003,偏微分,"2変数関数 f(x,y)=x+y^2 が与えられています。y に関する偏微分を求めてください。",\frac{\partial}{\partial y}(x+y^2),2y
6003-05,6003,偏微分,"2変数関数 f(x,y)=3x+2y が与えられています。x に関する偏微分を求めてください。",\frac{\partial}{\partial x}(3x+2y),3
6003-06,6003,偏微分,"2変数関数 f(x,y)=3x+2y が与えられています。y に関する偏微分を求めてください。",\frac{\partial}{\partial y}(3x+2y),2
6003-07,6003,偏微分,"2変数関数 f(x,y)=x^2y が与えられています。x に関する偏微分を求めてください。",\frac{\partial}{\partial x}x^2y,2xy
6003-08,6003,偏微分,"2変数関数 f(x,y)=x^2y が与えられています。y に関する偏微分を求めてください。",\frac{\partial}{\partial y}x^2y,x^2
6003-09,6003,偏微分,"2変数関数 f(x,y)=e^x+y が与えられています。x に関する偏微分を求めてください。",\frac{\partial}{\partial x}(e^x+y),e^x
6003-10,6003,偏微分,"2変数関数 f(x,y)=\ln y + x が与えられています。y に関する偏微分を求めてください。",\frac{\partial}{\partial y}(\ln y+x),\frac{1}{y}
6004-01,6004,ヤコビアン,"変数変換 x=2u, y=3v が与えられています。ヤコビアンを求めてください。","\left|\frac{\partial(x,y)}{\partial(u,v)}\right|=\left|\begin{matrix}2&0\\0&3\end{matrix}\right|",6
6004-02,6004,ヤコビアン,"変数変換 x=u, y=v が与えられています。ヤコビアンを求めてください。","\left|\frac{\partial(x,y)}{\partial(u,v)}\right|",1
6004-03,6004,ヤコビアン,"変数変換 x=u+v, y=u-v が与えられています。ヤコビアンを求めてください。",\left|\begin{matrix}1&1\\1&-1\end{matrix}\right|,2
6004-04,6004,ヤコビアン,"変数変換 x=au, y=bv が与えられています。ヤコビアンを求めてください。",\left|\begin{matrix}a&0\\0&b\end{matrix}\right|,|ab|
6004-05,6004,ヤコビアン,"変数変換 x=3u, y=v が与えられています。ヤコビアンを求めてください。",\left|\begin{matrix}3&0\\0&1\end{matrix}\right|,3
6004-06,6004,ヤコビアン,"変数変換 x=u, y=4v が与えられています。ヤコビアンを求めてください。",\left|\begin{matrix}1&0\\0&4\end{matrix}\right|,4
6004-07,6004,ヤコビアン,"変数変換 x=u+2v, y=v が与えられています。ヤコビアンを求めてください。",\left|\begin{matrix}1&2\\0&1\end{matrix}\right|,1
6004-08,6004,ヤコビアン,"変数変換 x=u, y=u+v が与えられています。ヤコビアンを求めてください。",\left|\begin{matrix}1&0\\1&1\end{matrix}\right|,1
6004-09,6004,ヤコビアン,"変数変換 x=2u+v, y=v が与えられています。ヤコビアンを求めてください。",\left|\begin{matrix}2&1\\0&1\end{matrix}\right|,2
6004-10,6004,ヤコビアン,"変数変換 x=u+v, y=2u+v が与えられています。ヤコビアンを求めてください。",\left|\begin{matrix}1&1\\2&1\end{matrix}\right|,1
7001-01,7001,遷移確率,p_{12}=0.3のときP(X_{n+1}=2|X_n=1)を求めてください。,P(X_{n+1}=2|X_n=1)=p_{12},0.3
7001-02,7001,遷移確率,p_{11}=0.7のときP(次も1|現在1)を求めてください。,P(X_{n+1}=1|X_n=1)=p_{11},0.7
7001-03,7001,遷移確率,p_{23}=0.2のときP(次が3|現在2)を求めてください。,p_{23},0.2
7001-04,7001,遷移確率,"遷移確率行列のある行が (0.4,0.6) で与えられています。成分 p_{12} を求めてください。",p_{12}=0.6,0.6
7001-05,7001,遷移確率,"遷移確率行列のある行が (0.8,0.2) で与えられています。成分 p_{11} を求めてください。",p_{11}=0.8,0.8
7001-06,7001,遷移確率,2状態のマルコフ連鎖で p_{12}=0.1 です。同じ行の和が1になることを用いて p_{11} を求めてください。,p_{11}=1-p_{12},0.9
7001-07,7001,遷移確率,2状態のマルコフ連鎖で p_{21}=0.4 です。同じ行の和が1になることを用いて p_{22} を求めてください。,p_{22}=1-p_{21},0.6
7001-08,7001,遷移確率,p_{31}=0.5のときP(次が1|現在3)を求めてください。,p_{31},0.5
7001-09,7001,遷移確率,"遷移確率行列のある行が (0.2,0.3,0.5) で与えられています。成分 p_{33} を求めてください。",p_{33}=0.5,0.5
7001-10,7001,遷移確率,遷移確率行列について、各行の成分 p_{ij} の和を求めてください。,\sum_j p_{ij},1
7002-01,7002,定常分布,"遷移確率行列 P=[[0.8,0.2],[0.3,0.7]] が与えられています。定常分布の π1を求めてください。","0.2pi_1=0.3pi_2, pi_1+pi_2=1",\frac{3}{5}
7002-02,7002,定常分布,"遷移確率行列 P=[[0.5,0.5],[0.5,0.5]] が与えられています。定常分布を求めてください。",pi=pi P,"(\frac{1}{2},\frac{1}{2})"
7002-03,7002,定常分布,"遷移確率行列 P=[[0.9,0.1],[0.2,0.8]] が与えられています。π1を求めてください。",0.1pi_1=0.2pi_2,\frac{2}{3}
7002-04,7002,定常分布,"遷移確率行列 P=[[0.7,0.3],[0.3,0.7]] が与えられています。定常分布を求めてください。",pi=pi P,"(\frac{1}{2},\frac{1}{2})"
7002-05,7002,定常分布,状態1のみが吸収状態であるマルコフ連鎖を考えます。定常分布を求めてください。,"pi=(1,0)","(1,0)"
7002-06,7002,定常分布,"遷移確率行列 P=[[0.6,0.4],[0.1,0.9]] が与えられています。π1を求めてください。",0.4pi_1=0.1pi_2,\frac{1}{5}
7002-07,7002,定常分布,"遷移確率行列 P=[[0.4,0.6],[0.6,0.4]] が与えられています。定常分布を求めてください。",pi=pi P,"(\frac{1}{2},\frac{1}{2})"
7002-08,7002,定常分布,"遷移確率行列 P=[[0.75,0.25],[0.25,0.75]] が与えられています。定常分布を求めてください。",pi=pi P,"(\frac{1}{2},\frac{1}{2})"
7002-09,7002,定常分布,"遷移確率行列 P=[[0.8,0.2],[0.8,0.2]] が与えられています。定常分布を求めてください。",pi=pi P,"(0.8,0.2)"
7002-10,7002,定常分布,"遷移確率行列 P=[[0.3,0.7],[0.3,0.7]] が与えられています。定常分布を求めてください。",pi=pi P,"(0.3,0.7)"
8001-01,8001,現在価値,1年後に受け取る 100 を利率 5% で割り引きます。現在価値を求めてください。,PV=\frac{100}{1.05},\frac{100}{1.05}
8001-02,8001,現在価値,2 年後に受け取る 100 を利率 10% で割り引きます。現在価値を求めてください。,PV=\frac{100}{1.1^2},\frac{100}{1.21}
8001-03,8001,現在価値,3 年後に受け取る 1000 を利率 0% で割り引きます。現在価値を求めてください。,PV=\frac{1000}{1^3},1000
8001-04,8001,現在価値,1年後に受け取る 105 を利率 5% で割り引きます。現在価値を求めてください。,PV=\frac{105}{1.05},100
8001-05,8001,現在価値,2 年後に受け取る 121 を利率 10% で割り引きます。現在価値を求めてください。,PV=\frac{121}{1.1^2},100
8001-06,8001,現在価値,1年後に受け取る 110 を利率 10% で割り引きます。現在価値を求めてください。,PV=\frac{110}{1.1},100
8001-07,8001,現在価値,3 年後に受け取る 133.1 を利率 10% で割り引きます。現在価値を求めてください。,PV=\frac{133.1}{1.1^3},100
8001-08,8001,現在価値,2 年後に受け取る 112.36 を利率 6% で割り引きます。現在価値を求めてください。,PV=\frac{112.36}{1.06^2},100
8001-09,8001,現在価値,1年後に受け取る 200 を利率 25% で割り引きます。現在価値を求めてください。,PV=\frac{200}{1.25},160
8001-10,8001,現在価値,4 年後に受け取る 100 を利率 i で割り引きます。現在価値を求めてください。,PV=\frac{100}{(1+i)^4},\frac{100}{(1+i)^4}
8002-01,8002,年金現価,各年末に1を支払う年金について、支払期間が 2 年、利率が i です。年金現価を求めてください。,a_{\overline{2}|}=v+v^2,v+v^2
8002-02,8002,年金現価,各年末に1を支払う年金について、支払期間が 3 年、利率が i です。年金現価を求めてください。,a_{\overline{3}|}=v+v^2+v^3,v+v^2+v^3
8002-03,8002,年金現価,各年末に1を支払う 3 年年金について、利率が0%の場合の年金現価を求めてください。,1+1+1,3
8002-04,8002,年金現価,割引因子 v=0.9 のもとで、各年末に1を支払う 2 年年金の現価を求めてください。,a_{\overline{2}|}=0.9+0.9^2,1.71
8002-05,8002,年金現価,割引因子 v=0.8 のもとで、各年末に1を支払う 2 年年金の現価を求めてください。,a_{\overline{2}|}=0.8+0.8^2,1.44
8002-06,8002,年金現価,各年末に 100 を支払う 2 年年金の現価を求めてください。,100(v+v^2),100(v+v^2)
8002-07,8002,年金現価,年1支払い1年の年金現価を求めてください。,a_{\overline{1}|}=v,v
8002-08,8002,年金現価,割引因子 v=1/2 のもとで、各年末に1を支払う 3 年年金の現価を求めてください。,\frac{1}{2}+\frac14+\frac18,\frac{7}{8}
8002-09,8002,年金現価,各年末に 2 を支払う 2 年年金の現価を求めてください。,2(v+v^2),2v+2v^2
8002-10,8002,年金現価,各年末に1を支払う n 年年金について、年金現価を表す和を求めてください。,a_{\overline{n}|}=\sum_{t=1}^{n}v^t,\sum_{t=1}^{n}v^t
8003-01,8003,生存確率,"1年生存確率が p_x=0.99, p_{x+1}=0.98 です。2年生存確率を求めてください。",{}_2p_x=p_xp_{x+1},0.9702
8003-02,8003,生存確率,1年死亡確率が q_x=0.01 です。1年生存確率を求めてください。,p_x=1-q_x,0.99
8003-03,8003,生存確率,"1年生存確率が p_x=0.9, p_{x+1}=0.8 です。2年生存確率を求めてください。",{}_2p_x=0.9\cdot0.8,0.72
8003-04,8003,生存確率,各年の1年生存確率を p_x=0.95 で一定とします。3年生存確率を求めてください。,{}_3p_x=0.95^3,0.95^3
8003-05,8003,生存確率,1年生存確率が p_x=1 です。1年生存確率を確認してください。,{}_1p_x=p_x,1
8003-06,8003,生存確率,1年死亡確率が q_x=0.2 です。1年生存確率を求めてください。,p_x=1-0.2,0.8
8003-07,8003,生存確率,"1年生存確率が p_x=0.8, p_{x+1}=0.75, p_{x+2}=0.5 です。3年生存確率を求めてください。",{}_3p_x=0.8\cdot0.75\cdot0.5,0.3
8003-08,8003,生存確率,各年の1年生存確率を p_x=0.99 で一定とします。2年生存確率を求めてください。,{}_2p_x=0.99^2,0.9801
8003-09,8003,生存確率,1年生存確率が p_x=0.7 です。1年生存確率を確認してください。,{}_1p_x=0.7,0.7
8003-10,8003,生存確率,"1年生存確率が p_x=0.6, p_{x+1}=0.5 です。2年生存確率を求めてください。",{}_2p_x=0.6\cdot0.5,0.3
8004-01,8004,死亡確率,1年生存確率が p_x=0.99 です。1年死亡確率 q_x を求めてください。,q_x=1-p_x,0.01
8004-02,8004,死亡確率,1年生存確率が p_x=0.8 です。1年死亡確率 q_x を求めてください。,q_x=1-0.8,0.2
8004-03,8004,死亡確率,1年死亡確率が q_x=0.05 です。死亡確率を確認してください。,q_x,0.05
8004-04,8004,死亡確率,1年生存確率が p_x=1 です。1年死亡確率 q_x を求めてください。,q_x=1-1,0
8004-05,8004,死亡確率,1年生存確率が p_x=0 です。1年死亡確率 q_x を求めてください。,q_x=1-0,1
8004-06,8004,死亡確率,1年生存確率が p_x=0.75 です。1年死亡確率 q_x を求めてください。,q_x=1-0.75,0.25
8004-07,8004,死亡確率,1年生存確率が p_x=0.6 です。1年死亡確率 q_x を求めてください。,q_x=1-0.6,0.4
8004-08,8004,死亡確率,1年生存確率が p_x=0.9 です。1年死亡確率 q_x を求めてください。,q_x=1-0.9,0.1
8004-09,8004,死亡確率,1年生存確率が p_x=0.995 です。1年死亡確率 q_x を求めてください。,q_x=1-0.995,0.005
8004-10,8004,死亡確率,1年生存確率が p_x=0.5 です。1年死亡確率 q_x を求めてください。,q_x=1-0.5,0.5
9001-01,9001,条件付き期待値の法則,"Y=1,2 がそれぞれ確率 0.5（50%） で起こり、E[X|Y=1]=2, E[X|Y=2]=4 です。期待値 E[X] を求めてください。",E[X]=2\cdot0.5+4\cdot0.5,3
9001-02,9001,条件付き期待値の法則,"条件付き期待値が1,3で確率0.25,0.75のE[X]を求めてください。",E[X]=1\cdot0.25+3\cdot0.75,2.5
9001-03,9001,条件付き期待値の法則,条件付き期待値の法則より、E[E[X|Y]]=5 です。E[X] を求めてください。,E[X]=E[E[X|Y]],5
9001-04,9001,条件付き期待値の法則,"条件付き期待値0,10で確率0.8,0.2のE[X]を求めてください。",E[X]=0\cdot0.8+10\cdot0.2,2
9001-05,9001,条件付き期待値の法則,"条件付き期待値2,6で確率0.5,0.5のE[X]を求めてください。",E[X]=2\cdot0.5+6\cdot0.5,4
9001-06,9001,条件付き期待値の法則,"条件付き期待値1,2,3で確率各1/3のE[X]を求めてください。",E[X]=\frac{1+2+3}{3},2
9001-07,9001,条件付き期待値の法則,条件付き期待値 E[X|Y] が常に 5 です。E[X] を求めてください。,E[X]=E[5],5
9001-08,9001,条件付き期待値の法則,"条件付き期待値-1,1で確率各0.5のE[X]を求めてください。",E[X]=-1\cdot0.5+1\cdot0.5,0
9001-09,9001,条件付き期待値の法則,"条件付き期待値4,8で確率0.25,0.75のE[X]を求めてください。",E[X]=4\cdot0.25+8\cdot0.75,7
9001-10,9001,条件付き期待値の法則,"条件付き期待値10,20で確率0.6,0.4のE[X]を求めてください。",E[X]=10\cdot0.6+20\cdot0.4,14
9002-01,9002,分散の分解,E[Var(X|Y)]=2、Var(E[X|Y])=3 です。分散の分解を用いて Var(X) を求めてください。,Var(X)=2+3,5
9002-02,9002,分散の分解,E[Var(X|Y)]=1、Var(E[X|Y])=0 です。分散の分解を用いて Var(X) を求めてください。,Var(X)=1+0,1
9002-03,9002,分散の分解,E[Var(X|Y)]=0、Var(E[X|Y])=4 です。分散の分解を用いて Var(X) を求めてください。,Var(X)=0+4,4
9002-04,9002,分散の分解,E[Var(X|Y)]=1.5、Var(E[X|Y])=2.5 です。分散の分解を用いて Var(X) を求めてください。,Var(X)=1.5+2.5,4
9002-05,9002,分散の分解,E[Var(X|Y)]=10、Var(E[X|Y])=5 です。分散の分解を用いて Var(X) を求めてください。,Var(X)=10+5,15
9002-06,9002,分散の分解,E[Var(X|Y)]=3、Var(E[X|Y])=7 です。分散の分解を用いて Var(X) を求めてください。,Var(X)=3+7,10
9002-07,9002,分散の分解,E[Var(X|Y)]=0.2、Var(E[X|Y])=0.8 です。分散の分解を用いて Var(X) を求めてください。,Var(X)=0.2+0.8,1
9002-08,9002,分散の分解,E[Var(X|Y)]=4、Var(E[X|Y])=4 です。分散の分解を用いて Var(X) を求めてください。,Var(X)=4+4,8
9002-09,9002,分散の分解,E[Var(X|Y)]=6、Var(E[X|Y])=1 です。分散の分解を用いて Var(X) を求めてください。,Var(X)=6+1,7
9002-10,9002,分散の分解,E[Var(X|Y)]=2/3、Var(E[X|Y])=1/3 です。分散の分解を用いて Var(X) を求めてください。,Var(X)=\frac{2}{3}+\frac{1}{3},1
